{
    "effects":[
        {
            "name": "THIN_FACE",
            "id": 0,
            "scale": 0.8
        },
        {
            "name": "NARROW_FACE",
            "id": 1,
            "scale": 1.0
        },
        {
            "name": "SHORT_FACE",
            "id": 4,
            "scale": 0.8
        },
        {
            "name": "SHORT_CHIN",
            "id": 5,
            "scale": 0.75
        },
        {
            "name": "THIN_JAW_BONE",
            "id": 6,
            "scale": 1.5
        },
        {
            "name": "ENLARGE_EYE",
            "id": 2,
            "scale": 0.6
        },
        {
            "name": "ROUND_EYE",
            "id": 7,
            "scale": 0.7
        },
        {
            "name": "NARROW_NOSE",
            "id": 3,
            "scale": 1.3
        },
        {
            "name": "GROWTH_NOSE",
            "id": 11,
            "scale": 0.8
        },
        {
            "name": "SHRINK_PHILTRUM",
            "id": 16,
            "scale": 0.6
        },
        {
            "name": "GROWTH_ATRIUM",
            "id": 26,
            "scale": 1.5
        },
        {
            "name": "WING_OF_NOSE",
            "id": 20,
            "scale": 1.0
        },
        {
            "name": "EYE_DISTANCE",
            "id": 9,
            "scale": 1.5
        },
        {
            "name": "RESHAPE_MOUTH",
            "id": 13,
            "scale": 1.0
        },
        {
            "name": "SHRINK_UNDER_JAW",
            "id": 17,
            "scale": 0.54
        }
    ]
}
