{
    "theme": {
        "version":1,
        "themeName":"theme",
        "duration":18000,
        "width":720,
        "height":1280,
        "imageAspectRation":"9x16",
        "type":"picture",
        "fps":30
    },
    "foregrounds":[
        {
            "type":"video",
            "name":"background.mp4",
            "width":1440,
            "height":1280,
            "premultiply":true,
            "visibleTime":[
                0,
                18000
            ]
        }
    ],
    "clips":[
        {
            "type":"image",
            "repeat":1,
            "duration":[
                0,
                2966.666666666666667
            ],
            "volume":0,
            "filters":[
                {
                    "name":"fx_v_crop",
                    "visibleTime":[
                        0,
                        2966.666666666666667
                    ],
                    "params":[
                        {
                            "name":"crop_num",
                            "type":2,
                            "value":720
                        },
                        {
                            "name":"crop_den",
                            "type":2,
                            "value":1280
                        }
                    ]
                }
            ]
        },
        {
            "type":"image",
            "repeat":1,
            "duration":[
                0,
                1466.666666666666667
            ],
            "volume":0,
            "filters":[
                {
                    "name":"fx_v_crop",
                    "visibleTime":[
                        2966.666666666666667,
                        4433.333333333333334
                    ],
                    "params":[
                        {
                            "name":"crop_num",
                            "type":2,
                            "value":720
                        },
                        {
                            "name":"crop_den",
                            "type":2,
                            "value":1280
                        }
                    ]
                },
                {
                    "name":"fx_v_transform2d",
                    "visibleTime":[
                        2966.666666666666667,
                        4433.333333333333334
                    ],
                    "params":[
                        {
                            "name":"scale_x",
                            "type":2,
                            "value":0,
                            "keyFrameList":[1,
                                1,
                                1.2,
                                1.2,
                                1.2,
                                1.2,
                                1.2,
                                1.2,
                                1.2,
                                1.2,
                                1.2,
                                1.2,
                                1.2,
                                1,
                                1,
                                1,
                                1,
                                1,
                                1,
                                1,
                                1,
                                1,
                                1,
                                1,
                                1.2,
                                1.2,
                                1.2,
                                1.2,
                                1.2,
                                1.2,
                                1.2,
                                1.2,
                                1.2,
                                1.2,
                                1,
                                1,
                                1,
                                1,
                                1,
                                1,
                                1,
                                1,
                                1,
                                1,
                                1]
                        },
                        {
                            "name":"scale_y",
                            "type":2,
                            "value":0,
                            "keyFrameList":[1,
                                1,
                                1.2,
                                1.2,
                                1.2,
                                1.2,
                                1.2,
                                1.2,
                                1.2,
                                1.2,
                                1.2,
                                1.2,
                                1.2,
                                1,
                                1,
                                1,
                                1,
                                1,
                                1,
                                1,
                                1,
                                1,
                                1,
                                1,
                                1.2,
                                1.2,
                                1.2,
                                1.2,
                                1.2,
                                1.2,
                                1.2,
                                1.2,
                                1.2,
                                1.2,
                                1,
                                1,
                                1,
                                1,
                                1,
                                1,
                                1,
                                1,
                                1,
                                1,
                                1]
                        }
                    ]
                }
            ]
        },
        {
            "type":"image",
            "repeat":1,
            "duration":[
                0,
                1333.333333333333333
            ],
            "volume":0,
            "filters":[
                {
                    "name":"fx_v_crop",
                    "visibleTime":[
                        4433.333333333333334,
                        5766.666666666666667
                    ],
                    "params":[
                        {
                            "name":"crop_num",
                            "type":2,
                            "value":720
                        },
                        {
                            "name":"crop_den",
                            "type":2,
                            "value":1280
                        }
                    ]
                }
            ]
        },
        {
            "type":"image",
            "repeat":1,
            "duration":[
                0,
                1500
            ],
            "volume":0,
            "filters":[
                {
                    "name":"fx_v_crop",
                    "visibleTime":[
                        5766.666666666666667,
                        7266.666666666666667
                    ],
                    "params":[
                        {
                            "name":"crop_num",
                            "type":2,
                            "value":720
                        },
                        {
                            "name":"crop_den",
                            "type":2,
                            "value":1280
                        }
                    ]
                },
                {
                    "name":"fx_v_transform2d",
                    "visibleTime":[
                        5766.666666666666667,
                        7266.666666666666667
                    ],
                    "params":[
                        {
                            "name":"scale_x",
                            "type":2,
                            "value":0,
                            "keyFrameList":[1,
                                1.2,
                                1.2,
                                1.2,
                                1.2,
                                1.2,
                                1.2,
                                1.2,
                                1.2,
                                1.2,
                                1.2,
                                1,
                                1,
                                1,
                                1,
                                1,
                                1,
                                1,
                                1,
                                1,
                                1,
                                1.2,
                                1.2,
                                1.2,
                                1.2,
                                1.2,
                                1.2,
                                1.2,
                                1.2,
                                1.2,
                                1.2,
                                1,
                                1,
                                1,
                                1,
                                1,
                                1,
                                1,
                                1,
                                1,
                                1,
                                1,
                                1,
                                1,
                                1,
                                1]
                        },
                        {
                            "name":"scale_y",
                            "type":2,
                            "value":0,
                            "keyFrameList":[1,
                                1.2,
                                1.2,
                                1.2,
                                1.2,
                                1.2,
                                1.2,
                                1.2,
                                1.2,
                                1.2,
                                1.2,
                                1,
                                1,
                                1,
                                1,
                                1,
                                1,
                                1,
                                1,
                                1,
                                1,
                                1.2,
                                1.2,
                                1.2,
                                1.2,
                                1.2,
                                1.2,
                                1.2,
                                1.2,
                                1.2,
                                1.2,
                                1,
                                1,
                                1,
                                1,
                                1,
                                1,
                                1,
                                1,
                                1,
                                1,
                                1,
                                1,
                                1,
                                1,
                                1]
                        }
                    ]
                }
            ]
        },
        {
            "type":"image",
            "repeat":1,
            "duration":[
                0,
                1266.666666666666667
            ],
            "volume":0,
            "filters":[
                {
                    "name":"fx_v_crop",
                    "visibleTime":[
                        7266.666666666666667,
                        8533.333333333333334
                    ],
                    "params":[
                        {
                            "name":"crop_num",
                            "type":2,
                            "value":720
                        },
                        {
                            "name":"crop_den",
                            "type":2,
                            "value":1280
                        }
                    ]
                }
            ]
        },
        {
            "type":"image",
            "repeat":1,
            "duration":[
                0,
                1400
            ],
            "volume":0,
            "filters":[
                {
                    "name":"fx_v_crop",
                    "visibleTime":[
                        8533.333333333333334,
                        9933.333333333333334
                    ],
                    "params":[
                        {
                            "name":"crop_num",
                            "type":2,
                            "value":720
                        },
                        {
                            "name":"crop_den",
                            "type":2,
                            "value":1280
                        }
                    ]
                },
                {
                    "name":"fx_v_transform2d",
                    "visibleTime":[
                        8533.333333333333334,
                        9933.333333333333334
                    ],
                    "params":[
                        {
                            "name":"scale_x",
                            "type":2,
                            "value":0,
                            "keyFrameList":[1,
                                1.2,
                                1.2,
                                1.2,
                                1.2,
                                1.2,
                                1.2,
                                1.2,
                                1.2,
                                1.2,
                                1.2,
                                1,
                                1,
                                1,
                                1,
                                1,
                                1,
                                1,
                                1,
                                1,
                                1,
                                1.2,
                                1.2,
                                1.2,
                                1.2,
                                1.2,
                                1.2,
                                1.2,
                                1.2,
                                1.2,
                                1.2,
                                1,
                                1,
                                1,
                                1,
                                1,
                                1,
                                1,
                                1,
                                1,
                                1,
                                1,
                                1]
                        },
                        {
                            "name":"scale_y",
                            "type":2,
                            "value":0,
                            "keyFrameList":[1,
                                1.2,
                                1.2,
                                1.2,
                                1.2,
                                1.2,
                                1.2,
                                1.2,
                                1.2,
                                1.2,
                                1.2,
                                1,
                                1,
                                1,
                                1,
                                1,
                                1,
                                1,
                                1,
                                1,
                                1,
                                1.2,
                                1.2,
                                1.2,
                                1.2,
                                1.2,
                                1.2,
                                1.2,
                                1.2,
                                1.2,
                                1.2,
                                1,
                                1,
                                1,
                                1,
                                1,
                                1,
                                1,
                                1,
                                1,
                                1,
                                1,
                                1]
                        }
                    ]
                }
            ]
        },
        {
            "type":"image",
            "repeat":1,
            "duration":[
                0,
                1400
            ],
            "volume":0,
            "filters":[
                {
                    "name":"fx_v_crop",
                    "visibleTime":[
                        9933.333333333333334,
                        11333.333333333333334
                    ],
                    "params":[
                        {
                            "name":"crop_num",
                            "type":2,
                            "value":720
                        },
                        {
                            "name":"crop_den",
                            "type":2,
                            "value":1280
                        }
                    ]
                }
            ]
        },
        {
            "type":"image",
            "repeat":1,
            "duration":[
                0,
                1433.333333333333333
            ],
            "volume":0,
            "filters":[
                {
                    "name":"fx_v_crop",
                    "visibleTime":[
                        11333.333333333333334,
                        12766.666666666666667
                    ],
                    "params":[
                        {
                            "name":"crop_num",
                            "type":2,
                            "value":720
                        },
                        {
                            "name":"crop_den",
                            "type":2,
                            "value":1280
                        }
                    ]
                },
                {
                    "name":"fx_v_transform2d",
                    "visibleTime":[
                        11333.333333333333334,
                        12766.666666666666667
                    ],
                    "params":[
                        {
                            "name":"scale_x",
                            "type":2,
                            "value":0,
                            "keyFrameList":[1,
                                1.2,
                                1.2,
                                1.2,
                                1.2,
                                1.2,
                                1.2,
                                1.2,
                                1.2,
                                1.2,
                                1.2,
                                1,
                                1,
                                1,
                                1,
                                1,
                                1,
                                1,
                                1,
                                1,
                                1,
                                1.2,
                                1.2,
                                1.2,
                                1.2,
                                1.2,
                                1.2,
                                1.2,
                                1.2,
                                1.2,
                                1.2,
                                1,
                                1,
                                1,
                                1,
                                1,
                                1,
                                1,
                                1,
                                1,
                                1,
                                1,
                                1,
                                1]
                        },
                        {
                            "name":"scale_y",
                            "type":2,
                            "value":0,
                            "keyFrameList":[1,
                                1.2,
                                1.2,
                                1.2,
                                1.2,
                                1.2,
                                1.2,
                                1.2,
                                1.2,
                                1.2,
                                1.2,
                                1,
                                1,
                                1,
                                1,
                                1,
                                1,
                                1,
                                1,
                                1,
                                1,
                                1.2,
                                1.2,
                                1.2,
                                1.2,
                                1.2,
                                1.2,
                                1.2,
                                1.2,
                                1.2,
                                1.2,
                                1,
                                1,
                                1,
                                1,
                                1,
                                1,
                                1,
                                1,
                                1,
                                1,
                                1,
                                1,
                                1]
                        }
                    ]
                }
            ]
        },
        {
            "type":"image",
            "repeat":1,
            "duration":[
                0,
                1333.333333333333333
            ],
            "volume":0,
            "filters":[
                {
                    "name":"fx_v_crop",
                    "visibleTime":[
                        12766.666666666666667,
                        14100
                    ],
                    "params":[
                        {
                            "name":"crop_num",
                            "type":2,
                            "value":720
                        },
                        {
                            "name":"crop_den",
                            "type":2,
                            "value":1280
                        }
                    ]
                }
            ]
        },
        {
            "type":"image",
            "repeat":1,
            "duration":[
                0,
                1433.333333333333333
            ],
            "volume":0,
            "filters":[
                {
                    "name":"fx_v_crop",
                    "visibleTime":[
                        14100,
                        15533.333333333333333
                    ],
                    "params":[
                        {
                            "name":"crop_num",
                            "type":2,
                            "value":720
                        },
                        {
                            "name":"crop_den",
                            "type":2,
                            "value":1280
                        }
                    ]
                },
                {
                    "name":"fx_v_transform2d",
                    "visibleTime":[
                        14100,
                        15533.333333333333333
                    ],
                    "params":[
                        {
                            "name":"scale_x",
                            "type":2,
                            "value":0,
                            "keyFrameList":[1,
                                1.2,
                                1.2,
                                1.2,
                                1.2,
                                1.2,
                                1.2,
                                1.2,
                                1.2,
                                1.2,
                                1.2,
                                1,
                                1,
                                1,
                                1,
                                1,
                                1,
                                1,
                                1,
                                1,
                                1,
                                1.2,
                                1.2,
                                1.2,
                                1.2,
                                1.2,
                                1.2,
                                1.2,
                                1.2,
                                1.2,
                                1.2,
                                1,
                                1,
                                1,
                                1,
                                1,
                                1,
                                1,
                                1,
                                1,
                                1,
                                1,
                                1,
                                1]
                        },
                        {
                            "name":"scale_y",
                            "type":2,
                            "value":0,
                            "keyFrameList":[1,
                                1.2,
                                1.2,
                                1.2,
                                1.2,
                                1.2,
                                1.2,
                                1.2,
                                1.2,
                                1.2,
                                1.2,
                                1,
                                1,
                                1,
                                1,
                                1,
                                1,
                                1,
                                1,
                                1,
                                1,
                                1.2,
                                1.2,
                                1.2,
                                1.2,
                                1.2,
                                1.2,
                                1.2,
                                1.2,
                                1.2,
                                1.2,
                                1,
                                1,
                                1,
                                1,
                                1,
                                1,
                                1,
                                1,
                                1,
                                1,
                                1,
                                1,
                                1]
                        }
                    ]
                }
            ]
        },
        {
            "type":"image",
            "repeat":1,
            "duration":[
                0,
                133.333333333333333
            ],
            "volume":0,
            "filters":[
                {
                    "name":"fx_v_crop",
                    "visibleTime":[
                        15533.333333333333333,
                        15666.666666666666666
                    ],
                    "params":[
                        {
                            "name":"crop_num",
                            "type":2,
                            "value":720
                        },
                        {
                            "name":"crop_den",
                            "type":2,
                            "value":1280
                        }
                    ]
                }
            ]
        },
        {
            "type":"image",
            "repeat":1,
            "duration":[
                0,
                133.333333333333333
            ],
            "volume":0,
            "filters":[
                {
                    "name":"fx_v_crop",
                    "visibleTime":[
                        15666.666666666666666,
                        15800
                    ],
                    "params":[
                        {
                            "name":"crop_num",
                            "type":2,
                            "value":720
                        },
                        {
                            "name":"crop_den",
                            "type":2,
                            "value":1280
                        }
                    ]
                }
            ]
        },
        {
            "type":"image",
            "repeat":1,
            "duration":[
                0,
                133.333333333333333
            ],
            "volume":0,
            "filters":[
                {
                    "name":"fx_v_crop",
                    "visibleTime":[
                        15800,
                        15933.333333333333333
                    ],
                    "params":[
                        {
                            "name":"crop_num",
                            "type":2,
                            "value":720
                        },
                        {
                            "name":"crop_den",
                            "type":2,
                            "value":1280
                        }
                    ]
                }
            ]
        },
        {
            "type":"image",
            "repeat":1,
            "duration":[
                0,
                133.333333333333333
            ],
            "volume":0,
            "filters":[
                {
                    "name":"fx_v_crop",
                    "visibleTime":[
                        15933.333333333333333,
                        16066.666666666666666
                    ],
                    "params":[
                        {
                            "name":"crop_num",
                            "type":2,
                            "value":720
                        },
                        {
                            "name":"crop_den",
                            "type":2,
                            "value":1280
                        }
                    ]
                }
            ]
        },
        {
            "type":"image",
            "repeat":1,
            "duration":[
                0,
                133.333333333333333
            ],
            "volume":0,
            "filters":[
                {
                    "name":"fx_v_crop",
                    "visibleTime":[
                        16066.666666666666666,
                        16200
                    ],
                    "params":[
                        {
                            "name":"crop_num",
                            "type":2,
                            "value":720
                        },
                        {
                            "name":"crop_den",
                            "type":2,
                            "value":1280
                        }
                    ]
                }
            ]
        },
        {
            "type":"image",
            "repeat":1,
            "duration":[
                0,
                133.333333333333333
            ],
            "volume":0,
            "filters":[
                {
                    "name":"fx_v_crop",
                    "visibleTime":[
                        16200,
                        16333.333333333333333
                    ],
                    "params":[
                        {
                            "name":"crop_num",
                            "type":2,
                            "value":720
                        },
                        {
                            "name":"crop_den",
                            "type":2,
                            "value":1280
                        }
                    ]
                }
            ]
        },
        {
            "type":"image",
            "repeat":1,
            "duration":[
                0,
                133.333333333333333
            ],
            "volume":0,
            "filters":[
                {
                    "name":"fx_v_crop",
                    "visibleTime":[
                        16333.333333333333333,
                        16466.666666666666666
                    ],
                    "params":[
                        {
                            "name":"crop_num",
                            "type":2,
                            "value":720
                        },
                        {
                            "name":"crop_den",
                            "type":2,
                            "value":1280
                        }
                    ]
                }
            ]
        },
        {
            "type":"image",
            "repeat":1,
            "duration":[
                0,
                133.333333333333333
            ],
            "volume":0,
            "filters":[
                {
                    "name":"fx_v_crop",
                    "visibleTime":[
                        16466.666666666666666,
                        16600
                    ],
                    "params":[
                        {
                            "name":"crop_num",
                            "type":2,
                            "value":720
                        },
                        {
                            "name":"crop_den",
                            "type":2,
                            "value":1280
                        }
                    ]
                }
            ]
        },
        {
            "type":"image",
            "repeat":1,
            "duration":[
                0,
                133.333333333333333
            ],
            "volume":0,
            "filters":[
                {
                    "name":"fx_v_crop",
                    "visibleTime":[
                        16600,
                        16733.333333333333333
                    ],
                    "params":[
                        {
                            "name":"crop_num",
                            "type":2,
                            "value":720
                        },
                        {
                            "name":"crop_den",
                            "type":2,
                            "value":1280
                        }
                    ]
                }
            ]
        },
        {
            "type":"image",
            "repeat":1,
            "duration":[
                0,
                1273
            ],
            "volume":0,
            "filters":[
                {
                    "name":"fx_v_crop",
                    "visibleTime":[
                        16733.333333333333333,
                        18000
                    ],
                    "params":[
                        {
                            "name":"crop_num",
                            "type":2,
                            "value":720
                        },
                        {
                            "name":"crop_den",
                            "type":2,
                            "value":1280
                        }
                    ]
                }
            ]
        }
    ]
}

