{"v":"5.12.1","fr":30,"ip":0,"op":151,"w":750,"h":1624,"nm":"社区红包位置上++前Lottie","ddd":0,"assets":[{"id":"image_0","w":750,"h":1624,"u":"images/","p":"img_0.png","e":0},{"id":"image_1","w":750,"h":1624,"u":"images/","p":"img_1.png","e":0},{"id":"image_2","w":750,"h":1624,"u":"images/","p":"img_2.png","e":0},{"id":"image_3","w":750,"h":1624,"u":"images/","p":"img_3.png","e":0},{"id":"image_4","w":750,"h":1624,"u":"images/","p":"img_4.png","e":0},{"id":"image_5","w":750,"h":1624,"u":"images/","p":"img_5.png","e":0},{"id":"image_6","w":750,"h":1624,"u":"images/","p":"img_6.png","e":0},{"id":"image_7","w":750,"h":1624,"u":"images/","p":"img_7.png","e":0},{"id":"image_8","w":750,"h":1624,"u":"images/","p":"img_8.png","e":0},{"id":"image_9","w":750,"h":1624,"u":"images/","p":"img_9.png","e":0},{"id":"image_10","w":750,"h":1624,"u":"images/","p":"img_10.png","e":0},{"id":"image_11","w":750,"h":1624,"u":"images/","p":"img_11.png","e":0},{"id":"image_12","w":750,"h":1624,"u":"images/","p":"img_12.png","e":0},{"id":"image_13","w":750,"h":1624,"u":"images/","p":"img_13.png","e":0},{"id":"image_14","w":750,"h":1624,"u":"images/","p":"img_14.png","e":0},{"id":"image_15","w":750,"h":1624,"u":"images/","p":"img_15.png","e":0},{"id":"image_16","w":750,"h":1624,"u":"images/","p":"img_16.png","e":0},{"id":"image_17","w":750,"h":1624,"u":"images/","p":"img_17.png","e":0},{"id":"image_18","w":750,"h":1624,"u":"images/","p":"img_18.png","e":0},{"id":"image_19","w":750,"h":1624,"u":"images/","p":"img_19.png","e":0},{"id":"image_20","w":750,"h":1624,"u":"images/","p":"img_20.png","e":0},{"id":"image_21","w":750,"h":1624,"u":"images/","p":"img_21.png","e":0},{"id":"image_22","w":750,"h":1624,"u":"images/","p":"img_22.png","e":0},{"id":"image_23","w":750,"h":1624,"u":"images/","p":"img_23.png","e":0},{"id":"image_24","w":750,"h":1624,"u":"images/","p":"img_24.png","e":0},{"id":"image_25","w":750,"h":1624,"u":"images/","p":"img_25.png","e":0},{"id":"image_26","w":750,"h":1624,"u":"images/","p":"img_26.png","e":0},{"id":"image_27","w":750,"h":1624,"u":"images/","p":"img_27.png","e":0},{"id":"image_28","w":750,"h":1624,"u":"images/","p":"img_28.png","e":0},{"id":"image_29","w":750,"h":1624,"u":"images/","p":"img_29.png","e":0},{"id":"image_30","w":750,"h":1624,"u":"images/","p":"img_30.png","e":0},{"id":"image_31","w":750,"h":1624,"u":"images/","p":"img_31.png","e":0},{"id":"image_32","w":750,"h":1624,"u":"images/","p":"img_32.png","e":0},{"id":"image_33","w":750,"h":1624,"u":"images/","p":"img_33.png","e":0},{"id":"image_34","w":750,"h":1624,"u":"images/","p":"img_34.png","e":0},{"id":"image_35","w":750,"h":1624,"u":"images/","p":"img_35.png","e":0},{"id":"image_36","w":750,"h":1624,"u":"images/","p":"img_36.png","e":0},{"id":"image_37","w":750,"h":1624,"u":"images/","p":"img_37.png","e":0},{"id":"image_38","w":750,"h":1624,"u":"images/","p":"img_38.png","e":0},{"id":"image_39","w":750,"h":1624,"u":"images/","p":"img_39.png","e":0},{"id":"image_40","w":750,"h":1624,"u":"images/","p":"img_40.png","e":0},{"id":"image_41","w":750,"h":1624,"u":"images/","p":"img_41.png","e":0},{"id":"image_42","w":750,"h":1624,"u":"images/","p":"img_42.png","e":0},{"id":"image_43","w":750,"h":1624,"u":"images/","p":"img_43.png","e":0},{"id":"image_44","w":750,"h":1624,"u":"images/","p":"img_44.png","e":0},{"id":"image_45","w":750,"h":1624,"u":"images/","p":"img_45.png","e":0},{"id":"image_46","w":750,"h":1624,"u":"images/","p":"img_46.png","e":0},{"id":"image_47","w":750,"h":1624,"u":"images/","p":"img_47.png","e":0},{"id":"image_48","w":750,"h":1624,"u":"images/","p":"img_48.png","e":0},{"id":"image_49","w":750,"h":1624,"u":"images/","p":"img_49.png","e":0},{"id":"image_50","w":750,"h":1624,"u":"images/","p":"img_50.png","e":0},{"id":"image_51","w":750,"h":1624,"u":"images/","p":"img_51.png","e":0},{"id":"image_52","w":750,"h":1624,"u":"images/","p":"img_52.png","e":0},{"id":"image_53","w":750,"h":1624,"u":"images/","p":"img_53.png","e":0},{"id":"image_54","w":750,"h":1624,"u":"images/","p":"img_54.png","e":0},{"id":"image_55","w":750,"h":1624,"u":"images/","p":"img_55.png","e":0},{"id":"image_56","w":750,"h":1624,"u":"images/","p":"img_56.png","e":0},{"id":"image_57","w":750,"h":1624,"u":"images/","p":"img_57.png","e":0},{"id":"image_58","w":750,"h":1624,"u":"images/","p":"img_58.png","e":0},{"id":"image_59","w":750,"h":1624,"u":"images/","p":"img_59.png","e":0},{"id":"image_60","w":750,"h":1624,"u":"images/","p":"img_60.png","e":0},{"id":"image_61","w":750,"h":1624,"u":"images/","p":"img_61.png","e":0},{"id":"image_62","w":750,"h":1624,"u":"images/","p":"img_62.png","e":0},{"id":"image_63","w":750,"h":1624,"u":"images/","p":"img_63.png","e":0},{"id":"image_64","w":750,"h":1624,"u":"images/","p":"img_64.png","e":0},{"id":"image_65","w":750,"h":1624,"u":"images/","p":"img_65.png","e":0},{"id":"image_66","w":750,"h":1624,"u":"images/","p":"img_66.png","e":0},{"id":"image_67","w":750,"h":1624,"u":"images/","p":"img_67.png","e":0},{"id":"image_68","w":750,"h":1624,"u":"images/","p":"img_68.png","e":0},{"id":"image_69","w":750,"h":1624,"u":"images/","p":"img_69.png","e":0},{"id":"image_70","w":750,"h":1624,"u":"images/","p":"img_70.png","e":0},{"id":"image_71","w":750,"h":1624,"u":"images/","p":"img_71.png","e":0},{"id":"image_72","w":750,"h":1624,"u":"images/","p":"img_72.png","e":0},{"id":"image_73","w":750,"h":1624,"u":"images/","p":"img_73.png","e":0},{"id":"image_74","w":750,"h":1624,"u":"images/","p":"img_74.png","e":0},{"id":"image_75","w":750,"h":1624,"u":"images/","p":"img_75.png","e":0},{"id":"image_76","w":750,"h":1624,"u":"images/","p":"img_76.png","e":0},{"id":"image_77","w":750,"h":1624,"u":"images/","p":"img_77.png","e":0},{"id":"image_78","w":750,"h":1624,"u":"images/","p":"img_78.png","e":0},{"id":"image_79","w":750,"h":1624,"u":"images/","p":"img_79.png","e":0},{"id":"image_80","w":750,"h":1624,"u":"images/","p":"img_80.png","e":0},{"id":"image_81","w":750,"h":1624,"u":"images/","p":"img_81.png","e":0},{"id":"image_82","w":750,"h":1624,"u":"images/","p":"img_82.png","e":0},{"id":"image_83","w":750,"h":1624,"u":"images/","p":"img_83.png","e":0},{"id":"image_84","w":750,"h":1624,"u":"images/","p":"img_84.png","e":0},{"id":"image_85","w":750,"h":1624,"u":"images/","p":"img_85.png","e":0},{"id":"image_86","w":750,"h":1624,"u":"images/","p":"img_86.png","e":0},{"id":"image_87","w":750,"h":1624,"u":"images/","p":"img_87.png","e":0},{"id":"image_88","w":750,"h":1624,"u":"images/","p":"img_88.png","e":0},{"id":"image_89","w":750,"h":1624,"u":"images/","p":"img_89.png","e":0},{"id":"image_90","w":750,"h":1624,"u":"images/","p":"img_90.png","e":0},{"id":"image_91","w":750,"h":1624,"u":"images/","p":"img_91.png","e":0},{"id":"image_92","w":750,"h":1624,"u":"images/","p":"img_92.png","e":0},{"id":"image_93","w":750,"h":1624,"u":"images/","p":"img_93.png","e":0},{"id":"image_94","w":750,"h":1624,"u":"images/","p":"img_94.png","e":0},{"id":"image_95","w":750,"h":1624,"u":"images/","p":"img_95.png","e":0},{"id":"image_96","w":750,"h":1624,"u":"images/","p":"img_96.png","e":0},{"id":"image_97","w":750,"h":1624,"u":"images/","p":"img_97.png","e":0},{"id":"image_98","w":750,"h":1624,"u":"images/","p":"img_98.png","e":0},{"id":"image_99","w":750,"h":1624,"u":"images/","p":"img_99.png","e":0},{"id":"image_100","w":750,"h":1624,"u":"images/","p":"img_100.png","e":0},{"id":"image_101","w":750,"h":1624,"u":"images/","p":"img_101.png","e":0},{"id":"image_102","w":750,"h":1624,"u":"images/","p":"img_102.png","e":0},{"id":"image_103","w":750,"h":1624,"u":"images/","p":"img_103.png","e":0},{"id":"image_104","w":750,"h":1624,"u":"images/","p":"img_104.png","e":0},{"id":"image_105","w":750,"h":1624,"u":"images/","p":"img_105.png","e":0},{"id":"image_106","w":750,"h":1624,"u":"images/","p":"img_106.png","e":0},{"id":"image_107","w":750,"h":1624,"u":"images/","p":"img_107.png","e":0},{"id":"image_108","w":750,"h":1624,"u":"images/","p":"img_108.png","e":0},{"id":"image_109","w":750,"h":1624,"u":"images/","p":"img_109.png","e":0},{"id":"image_110","w":750,"h":1624,"u":"images/","p":"img_110.png","e":0},{"id":"image_111","w":750,"h":1624,"u":"images/","p":"img_111.png","e":0},{"id":"image_112","w":750,"h":1624,"u":"images/","p":"img_112.png","e":0},{"id":"image_113","w":750,"h":1624,"u":"images/","p":"img_113.png","e":0},{"id":"image_114","w":750,"h":1624,"u":"images/","p":"img_114.png","e":0},{"id":"image_115","w":750,"h":1624,"u":"images/","p":"img_115.png","e":0},{"id":"image_116","w":750,"h":1624,"u":"images/","p":"img_116.png","e":0},{"id":"image_117","w":750,"h":1624,"u":"images/","p":"img_117.png","e":0},{"id":"image_118","w":750,"h":1624,"u":"images/","p":"img_118.png","e":0},{"id":"image_119","w":750,"h":1624,"u":"images/","p":"img_119.png","e":0},{"id":"image_120","w":750,"h":1624,"u":"images/","p":"img_120.png","e":0},{"id":"image_121","w":750,"h":1624,"u":"images/","p":"img_121.png","e":0},{"id":"image_122","w":750,"h":1624,"u":"images/","p":"img_122.png","e":0},{"id":"image_123","w":750,"h":1624,"u":"images/","p":"img_123.png","e":0},{"id":"image_124","w":750,"h":1624,"u":"images/","p":"img_124.png","e":0},{"id":"image_125","w":750,"h":1624,"u":"images/","p":"img_125.png","e":0},{"id":"image_126","w":750,"h":1624,"u":"images/","p":"img_126.png","e":0},{"id":"image_127","w":750,"h":1624,"u":"images/","p":"img_127.png","e":0},{"id":"image_128","w":750,"h":1624,"u":"images/","p":"img_128.png","e":0},{"id":"image_129","w":906,"h":364,"u":"images/","p":"img_129.png","e":0},{"id":"image_130","w":375,"h":812,"u":"images/","p":"img_130.png","e":0},{"id":"image_131","w":375,"h":812,"u":"images/","p":"img_131.png","e":0},{"id":"image_132","w":375,"h":812,"u":"images/","p":"img_132.png","e":0},{"id":"image_133","w":375,"h":812,"u":"images/","p":"img_133.png","e":0},{"id":"image_134","w":375,"h":812,"u":"images/","p":"img_134.png","e":0},{"id":"image_135","w":375,"h":812,"u":"images/","p":"img_135.png","e":0},{"id":"image_136","w":375,"h":812,"u":"images/","p":"img_136.png","e":0},{"id":"image_137","w":375,"h":812,"u":"images/","p":"img_137.png","e":0},{"id":"image_138","w":375,"h":812,"u":"images/","p":"img_138.png","e":0},{"id":"image_139","w":375,"h":812,"u":"images/","p":"img_139.png","e":0},{"id":"image_140","w":375,"h":812,"u":"images/","p":"img_140.png","e":0},{"id":"image_141","w":375,"h":812,"u":"images/","p":"img_141.png","e":0},{"id":"image_142","w":375,"h":812,"u":"images/","p":"img_142.png","e":0},{"id":"image_143","w":375,"h":812,"u":"images/","p":"img_143.png","e":0},{"id":"image_144","w":375,"h":812,"u":"images/","p":"img_144.png","e":0},{"id":"image_145","w":375,"h":812,"u":"images/","p":"img_145.png","e":0},{"id":"image_146","w":375,"h":812,"u":"images/","p":"img_146.png","e":0},{"id":"image_147","w":375,"h":812,"u":"images/","p":"img_147.png","e":0},{"id":"image_148","w":375,"h":812,"u":"images/","p":"img_148.png","e":0},{"id":"image_149","w":375,"h":812,"u":"images/","p":"img_149.png","e":0},{"id":"image_150","w":375,"h":812,"u":"images/","p":"img_150.png","e":0},{"id":"image_151","w":375,"h":812,"u":"images/","p":"img_151.png","e":0},{"id":"image_152","w":375,"h":812,"u":"images/","p":"img_152.png","e":0},{"id":"image_153","w":375,"h":812,"u":"images/","p":"img_153.png","e":0},{"id":"image_154","w":375,"h":812,"u":"images/","p":"img_154.png","e":0},{"id":"image_155","w":375,"h":812,"u":"images/","p":"img_155.png","e":0},{"id":"image_156","w":375,"h":812,"u":"images/","p":"img_156.png","e":0},{"id":"image_157","w":375,"h":812,"u":"images/","p":"img_157.png","e":0},{"id":"image_158","w":375,"h":812,"u":"images/","p":"img_158.png","e":0},{"id":"image_159","w":375,"h":812,"u":"images/","p":"img_159.png","e":0},{"id":"image_160","w":375,"h":812,"u":"images/","p":"img_160.png","e":0},{"id":"image_161","w":375,"h":812,"u":"images/","p":"img_161.png","e":0},{"id":"image_162","w":375,"h":812,"u":"images/","p":"img_162.png","e":0},{"id":"image_163","w":375,"h":812,"u":"images/","p":"img_163.png","e":0},{"id":"image_164","w":375,"h":812,"u":"images/","p":"img_164.png","e":0},{"id":"image_165","w":375,"h":812,"u":"images/","p":"img_165.png","e":0},{"id":"image_166","w":375,"h":812,"u":"images/","p":"img_166.png","e":0},{"id":"image_167","w":375,"h":812,"u":"images/","p":"img_167.png","e":0},{"id":"image_168","w":375,"h":812,"u":"images/","p":"img_168.png","e":0},{"id":"image_169","w":375,"h":812,"u":"images/","p":"img_169.png","e":0},{"id":"image_170","w":375,"h":812,"u":"images/","p":"img_170.png","e":0},{"id":"image_171","w":375,"h":812,"u":"images/","p":"img_171.png","e":0},{"id":"image_172","w":375,"h":812,"u":"images/","p":"img_172.png","e":0},{"id":"image_173","w":375,"h":812,"u":"images/","p":"img_173.png","e":0},{"id":"image_174","w":375,"h":812,"u":"images/","p":"img_174.png","e":0},{"id":"image_175","w":375,"h":812,"u":"images/","p":"img_175.png","e":0},{"id":"image_176","w":375,"h":812,"u":"images/","p":"img_176.png","e":0},{"id":"image_177","w":375,"h":812,"u":"images/","p":"img_177.png","e":0},{"id":"image_178","w":375,"h":812,"u":"images/","p":"img_178.png","e":0},{"id":"image_179","w":375,"h":812,"u":"images/","p":"img_179.png","e":0},{"id":"image_180","w":375,"h":812,"u":"images/","p":"img_180.png","e":0},{"id":"image_181","w":375,"h":812,"u":"images/","p":"img_181.png","e":0},{"id":"image_182","w":375,"h":812,"u":"images/","p":"img_182.png","e":0},{"id":"image_183","w":375,"h":812,"u":"images/","p":"img_183.png","e":0},{"id":"image_184","w":375,"h":812,"u":"images/","p":"img_184.png","e":0},{"id":"image_185","w":375,"h":812,"u":"images/","p":"img_185.png","e":0},{"id":"image_186","w":375,"h":812,"u":"images/","p":"img_186.png","e":0},{"id":"image_187","w":375,"h":812,"u":"images/","p":"img_187.png","e":0},{"id":"image_188","w":375,"h":812,"u":"images/","p":"img_188.png","e":0},{"id":"image_189","w":375,"h":812,"u":"images/","p":"img_189.png","e":0},{"id":"comp_0","nm":"社区红包++_烟雾_00000","fr":30,"layers":[{"ddd":0,"ind":1,"ty":2,"nm":"社区红包++_烟雾_00018.png","cl":"png","refId":"image_0","sr":1,"ks":{"o":{"a":0,"k":100,"ix":11},"r":{"a":0,"k":0,"ix":10},"p":{"a":0,"k":[375,812,0],"ix":2,"l":2},"a":{"a":0,"k":[375,812,0],"ix":1,"l":2},"s":{"a":0,"k":[100,100,100],"ix":6,"l":2}},"ao":0,"ip":18,"op":19,"st":18,"bm":0},{"ddd":0,"ind":2,"ty":2,"nm":"社区红包++_烟雾_00019.png","cl":"png","refId":"image_1","sr":1,"ks":{"o":{"a":0,"k":100,"ix":11},"r":{"a":0,"k":0,"ix":10},"p":{"a":0,"k":[375,812,0],"ix":2,"l":2},"a":{"a":0,"k":[375,812,0],"ix":1,"l":2},"s":{"a":0,"k":[100,100,100],"ix":6,"l":2}},"ao":0,"ip":19,"op":20,"st":19,"bm":0},{"ddd":0,"ind":3,"ty":2,"nm":"社区红包++_烟雾_00020.png","cl":"png","refId":"image_2","sr":1,"ks":{"o":{"a":0,"k":100,"ix":11},"r":{"a":0,"k":0,"ix":10},"p":{"a":0,"k":[375,812,0],"ix":2,"l":2},"a":{"a":0,"k":[375,812,0],"ix":1,"l":2},"s":{"a":0,"k":[100,100,100],"ix":6,"l":2}},"ao":0,"ip":20,"op":21,"st":20,"bm":0},{"ddd":0,"ind":4,"ty":2,"nm":"社区红包++_烟雾_00021.png","cl":"png","refId":"image_3","sr":1,"ks":{"o":{"a":0,"k":100,"ix":11},"r":{"a":0,"k":0,"ix":10},"p":{"a":0,"k":[375,812,0],"ix":2,"l":2},"a":{"a":0,"k":[375,812,0],"ix":1,"l":2},"s":{"a":0,"k":[100,100,100],"ix":6,"l":2}},"ao":0,"ip":21,"op":22,"st":21,"bm":0},{"ddd":0,"ind":5,"ty":2,"nm":"社区红包++_烟雾_00022.png","cl":"png","refId":"image_4","sr":1,"ks":{"o":{"a":0,"k":100,"ix":11},"r":{"a":0,"k":0,"ix":10},"p":{"a":0,"k":[375,812,0],"ix":2,"l":2},"a":{"a":0,"k":[375,812,0],"ix":1,"l":2},"s":{"a":0,"k":[100,100,100],"ix":6,"l":2}},"ao":0,"ip":22,"op":23,"st":22,"bm":0},{"ddd":0,"ind":6,"ty":2,"nm":"社区红包++_烟雾_00023.png","cl":"png","refId":"image_5","sr":1,"ks":{"o":{"a":0,"k":100,"ix":11},"r":{"a":0,"k":0,"ix":10},"p":{"a":0,"k":[375,812,0],"ix":2,"l":2},"a":{"a":0,"k":[375,812,0],"ix":1,"l":2},"s":{"a":0,"k":[100,100,100],"ix":6,"l":2}},"ao":0,"ip":23,"op":24,"st":23,"bm":0},{"ddd":0,"ind":7,"ty":2,"nm":"社区红包++_烟雾_00024.png","cl":"png","refId":"image_6","sr":1,"ks":{"o":{"a":0,"k":100,"ix":11},"r":{"a":0,"k":0,"ix":10},"p":{"a":0,"k":[375,812,0],"ix":2,"l":2},"a":{"a":0,"k":[375,812,0],"ix":1,"l":2},"s":{"a":0,"k":[100,100,100],"ix":6,"l":2}},"ao":0,"ip":24,"op":25,"st":24,"bm":0},{"ddd":0,"ind":8,"ty":2,"nm":"社区红包++_烟雾_00025.png","cl":"png","refId":"image_7","sr":1,"ks":{"o":{"a":0,"k":100,"ix":11},"r":{"a":0,"k":0,"ix":10},"p":{"a":0,"k":[375,812,0],"ix":2,"l":2},"a":{"a":0,"k":[375,812,0],"ix":1,"l":2},"s":{"a":0,"k":[100,100,100],"ix":6,"l":2}},"ao":0,"ip":25,"op":26,"st":25,"bm":0},{"ddd":0,"ind":9,"ty":2,"nm":"社区红包++_烟雾_00026.png","cl":"png","refId":"image_8","sr":1,"ks":{"o":{"a":0,"k":100,"ix":11},"r":{"a":0,"k":0,"ix":10},"p":{"a":0,"k":[375,812,0],"ix":2,"l":2},"a":{"a":0,"k":[375,812,0],"ix":1,"l":2},"s":{"a":0,"k":[100,100,100],"ix":6,"l":2}},"ao":0,"ip":26,"op":27,"st":26,"bm":0},{"ddd":0,"ind":10,"ty":2,"nm":"社区红包++_烟雾_00027.png","cl":"png","refId":"image_9","sr":1,"ks":{"o":{"a":0,"k":100,"ix":11},"r":{"a":0,"k":0,"ix":10},"p":{"a":0,"k":[375,812,0],"ix":2,"l":2},"a":{"a":0,"k":[375,812,0],"ix":1,"l":2},"s":{"a":0,"k":[100,100,100],"ix":6,"l":2}},"ao":0,"ip":27,"op":28,"st":27,"bm":0},{"ddd":0,"ind":11,"ty":2,"nm":"社区红包++_烟雾_00028.png","cl":"png","refId":"image_10","sr":1,"ks":{"o":{"a":0,"k":100,"ix":11},"r":{"a":0,"k":0,"ix":10},"p":{"a":0,"k":[375,812,0],"ix":2,"l":2},"a":{"a":0,"k":[375,812,0],"ix":1,"l":2},"s":{"a":0,"k":[100,100,100],"ix":6,"l":2}},"ao":0,"ip":28,"op":29,"st":28,"bm":0},{"ddd":0,"ind":12,"ty":2,"nm":"社区红包++_烟雾_00029.png","cl":"png","refId":"image_11","sr":1,"ks":{"o":{"a":0,"k":100,"ix":11},"r":{"a":0,"k":0,"ix":10},"p":{"a":0,"k":[375,812,0],"ix":2,"l":2},"a":{"a":0,"k":[375,812,0],"ix":1,"l":2},"s":{"a":0,"k":[100,100,100],"ix":6,"l":2}},"ao":0,"ip":29,"op":30,"st":29,"bm":0},{"ddd":0,"ind":13,"ty":2,"nm":"社区红包++_烟雾_00030.png","cl":"png","refId":"image_12","sr":1,"ks":{"o":{"a":0,"k":100,"ix":11},"r":{"a":0,"k":0,"ix":10},"p":{"a":0,"k":[375,812,0],"ix":2,"l":2},"a":{"a":0,"k":[375,812,0],"ix":1,"l":2},"s":{"a":0,"k":[100,100,100],"ix":6,"l":2}},"ao":0,"ip":30,"op":31,"st":30,"bm":0},{"ddd":0,"ind":14,"ty":2,"nm":"社区红包++_烟雾_00031.png","cl":"png","refId":"image_13","sr":1,"ks":{"o":{"a":0,"k":100,"ix":11},"r":{"a":0,"k":0,"ix":10},"p":{"a":0,"k":[375,812,0],"ix":2,"l":2},"a":{"a":0,"k":[375,812,0],"ix":1,"l":2},"s":{"a":0,"k":[100,100,100],"ix":6,"l":2}},"ao":0,"ip":31,"op":32,"st":31,"bm":0},{"ddd":0,"ind":15,"ty":2,"nm":"社区红包++_烟雾_00032.png","cl":"png","refId":"image_14","sr":1,"ks":{"o":{"a":0,"k":100,"ix":11},"r":{"a":0,"k":0,"ix":10},"p":{"a":0,"k":[375,812,0],"ix":2,"l":2},"a":{"a":0,"k":[375,812,0],"ix":1,"l":2},"s":{"a":0,"k":[100,100,100],"ix":6,"l":2}},"ao":0,"ip":32,"op":33,"st":32,"bm":0},{"ddd":0,"ind":16,"ty":2,"nm":"社区红包++_烟雾_00033.png","cl":"png","refId":"image_15","sr":1,"ks":{"o":{"a":0,"k":100,"ix":11},"r":{"a":0,"k":0,"ix":10},"p":{"a":0,"k":[375,812,0],"ix":2,"l":2},"a":{"a":0,"k":[375,812,0],"ix":1,"l":2},"s":{"a":0,"k":[100,100,100],"ix":6,"l":2}},"ao":0,"ip":33,"op":34,"st":33,"bm":0},{"ddd":0,"ind":17,"ty":2,"nm":"社区红包++_烟雾_00034.png","cl":"png","refId":"image_16","sr":1,"ks":{"o":{"a":0,"k":100,"ix":11},"r":{"a":0,"k":0,"ix":10},"p":{"a":0,"k":[375,812,0],"ix":2,"l":2},"a":{"a":0,"k":[375,812,0],"ix":1,"l":2},"s":{"a":0,"k":[100,100,100],"ix":6,"l":2}},"ao":0,"ip":34,"op":35,"st":34,"bm":0},{"ddd":0,"ind":18,"ty":2,"nm":"社区红包++_烟雾_00035.png","cl":"png","refId":"image_17","sr":1,"ks":{"o":{"a":0,"k":100,"ix":11},"r":{"a":0,"k":0,"ix":10},"p":{"a":0,"k":[375,812,0],"ix":2,"l":2},"a":{"a":0,"k":[375,812,0],"ix":1,"l":2},"s":{"a":0,"k":[100,100,100],"ix":6,"l":2}},"ao":0,"ip":35,"op":36,"st":35,"bm":0},{"ddd":0,"ind":19,"ty":2,"nm":"社区红包++_烟雾_00036.png","cl":"png","refId":"image_18","sr":1,"ks":{"o":{"a":0,"k":100,"ix":11},"r":{"a":0,"k":0,"ix":10},"p":{"a":0,"k":[375,812,0],"ix":2,"l":2},"a":{"a":0,"k":[375,812,0],"ix":1,"l":2},"s":{"a":0,"k":[100,100,100],"ix":6,"l":2}},"ao":0,"ip":36,"op":37,"st":36,"bm":0},{"ddd":0,"ind":20,"ty":2,"nm":"社区红包++_烟雾_00037.png","cl":"png","refId":"image_19","sr":1,"ks":{"o":{"a":0,"k":100,"ix":11},"r":{"a":0,"k":0,"ix":10},"p":{"a":0,"k":[375,812,0],"ix":2,"l":2},"a":{"a":0,"k":[375,812,0],"ix":1,"l":2},"s":{"a":0,"k":[100,100,100],"ix":6,"l":2}},"ao":0,"ip":37,"op":38,"st":37,"bm":0},{"ddd":0,"ind":21,"ty":2,"nm":"社区红包++_烟雾_00038.png","cl":"png","refId":"image_20","sr":1,"ks":{"o":{"a":0,"k":100,"ix":11},"r":{"a":0,"k":0,"ix":10},"p":{"a":0,"k":[375,812,0],"ix":2,"l":2},"a":{"a":0,"k":[375,812,0],"ix":1,"l":2},"s":{"a":0,"k":[100,100,100],"ix":6,"l":2}},"ao":0,"ip":38,"op":39,"st":38,"bm":0},{"ddd":0,"ind":22,"ty":2,"nm":"社区红包++_烟雾_00039.png","cl":"png","refId":"image_21","sr":1,"ks":{"o":{"a":0,"k":100,"ix":11},"r":{"a":0,"k":0,"ix":10},"p":{"a":0,"k":[375,812,0],"ix":2,"l":2},"a":{"a":0,"k":[375,812,0],"ix":1,"l":2},"s":{"a":0,"k":[100,100,100],"ix":6,"l":2}},"ao":0,"ip":39,"op":40,"st":39,"bm":0},{"ddd":0,"ind":23,"ty":2,"nm":"社区红包++_烟雾_00040.png","cl":"png","refId":"image_22","sr":1,"ks":{"o":{"a":0,"k":100,"ix":11},"r":{"a":0,"k":0,"ix":10},"p":{"a":0,"k":[375,812,0],"ix":2,"l":2},"a":{"a":0,"k":[375,812,0],"ix":1,"l":2},"s":{"a":0,"k":[100,100,100],"ix":6,"l":2}},"ao":0,"ip":40,"op":41,"st":40,"bm":0},{"ddd":0,"ind":24,"ty":2,"nm":"社区红包++_烟雾_00041.png","cl":"png","refId":"image_23","sr":1,"ks":{"o":{"a":0,"k":100,"ix":11},"r":{"a":0,"k":0,"ix":10},"p":{"a":0,"k":[375,812,0],"ix":2,"l":2},"a":{"a":0,"k":[375,812,0],"ix":1,"l":2},"s":{"a":0,"k":[100,100,100],"ix":6,"l":2}},"ao":0,"ip":41,"op":42,"st":41,"bm":0},{"ddd":0,"ind":25,"ty":2,"nm":"社区红包++_烟雾_00042.png","cl":"png","refId":"image_24","sr":1,"ks":{"o":{"a":0,"k":100,"ix":11},"r":{"a":0,"k":0,"ix":10},"p":{"a":0,"k":[375,812,0],"ix":2,"l":2},"a":{"a":0,"k":[375,812,0],"ix":1,"l":2},"s":{"a":0,"k":[100,100,100],"ix":6,"l":2}},"ao":0,"ip":42,"op":43,"st":42,"bm":0},{"ddd":0,"ind":26,"ty":2,"nm":"社区红包++_烟雾_00043.png","cl":"png","refId":"image_25","sr":1,"ks":{"o":{"a":0,"k":100,"ix":11},"r":{"a":0,"k":0,"ix":10},"p":{"a":0,"k":[375,812,0],"ix":2,"l":2},"a":{"a":0,"k":[375,812,0],"ix":1,"l":2},"s":{"a":0,"k":[100,100,100],"ix":6,"l":2}},"ao":0,"ip":43,"op":44,"st":43,"bm":0},{"ddd":0,"ind":27,"ty":2,"nm":"社区红包++_烟雾_00044.png","cl":"png","refId":"image_26","sr":1,"ks":{"o":{"a":0,"k":100,"ix":11},"r":{"a":0,"k":0,"ix":10},"p":{"a":0,"k":[375,812,0],"ix":2,"l":2},"a":{"a":0,"k":[375,812,0],"ix":1,"l":2},"s":{"a":0,"k":[100,100,100],"ix":6,"l":2}},"ao":0,"ip":44,"op":45,"st":44,"bm":0},{"ddd":0,"ind":28,"ty":2,"nm":"社区红包++_烟雾_00045.png","cl":"png","refId":"image_27","sr":1,"ks":{"o":{"a":0,"k":100,"ix":11},"r":{"a":0,"k":0,"ix":10},"p":{"a":0,"k":[375,812,0],"ix":2,"l":2},"a":{"a":0,"k":[375,812,0],"ix":1,"l":2},"s":{"a":0,"k":[100,100,100],"ix":6,"l":2}},"ao":0,"ip":45,"op":46,"st":45,"bm":0},{"ddd":0,"ind":29,"ty":2,"nm":"社区红包++_烟雾_00046.png","cl":"png","refId":"image_28","sr":1,"ks":{"o":{"a":0,"k":100,"ix":11},"r":{"a":0,"k":0,"ix":10},"p":{"a":0,"k":[375,812,0],"ix":2,"l":2},"a":{"a":0,"k":[375,812,0],"ix":1,"l":2},"s":{"a":0,"k":[100,100,100],"ix":6,"l":2}},"ao":0,"ip":46,"op":47,"st":46,"bm":0},{"ddd":0,"ind":30,"ty":2,"nm":"社区红包++_烟雾_00047.png","cl":"png","refId":"image_29","sr":1,"ks":{"o":{"a":0,"k":100,"ix":11},"r":{"a":0,"k":0,"ix":10},"p":{"a":0,"k":[375,812,0],"ix":2,"l":2},"a":{"a":0,"k":[375,812,0],"ix":1,"l":2},"s":{"a":0,"k":[100,100,100],"ix":6,"l":2}},"ao":0,"ip":47,"op":48,"st":47,"bm":0},{"ddd":0,"ind":31,"ty":2,"nm":"社区红包++_烟雾_00048.png","cl":"png","refId":"image_30","sr":1,"ks":{"o":{"a":0,"k":100,"ix":11},"r":{"a":0,"k":0,"ix":10},"p":{"a":0,"k":[375,812,0],"ix":2,"l":2},"a":{"a":0,"k":[375,812,0],"ix":1,"l":2},"s":{"a":0,"k":[100,100,100],"ix":6,"l":2}},"ao":0,"ip":48,"op":49,"st":48,"bm":0},{"ddd":0,"ind":32,"ty":2,"nm":"社区红包++_烟雾_00049.png","cl":"png","refId":"image_31","sr":1,"ks":{"o":{"a":0,"k":100,"ix":11},"r":{"a":0,"k":0,"ix":10},"p":{"a":0,"k":[375,812,0],"ix":2,"l":2},"a":{"a":0,"k":[375,812,0],"ix":1,"l":2},"s":{"a":0,"k":[100,100,100],"ix":6,"l":2}},"ao":0,"ip":49,"op":50,"st":49,"bm":0},{"ddd":0,"ind":33,"ty":2,"nm":"社区红包++_烟雾_00050.png","cl":"png","refId":"image_32","sr":1,"ks":{"o":{"a":0,"k":100,"ix":11},"r":{"a":0,"k":0,"ix":10},"p":{"a":0,"k":[375,812,0],"ix":2,"l":2},"a":{"a":0,"k":[375,812,0],"ix":1,"l":2},"s":{"a":0,"k":[100,100,100],"ix":6,"l":2}},"ao":0,"ip":50,"op":51,"st":50,"bm":0},{"ddd":0,"ind":34,"ty":2,"nm":"社区红包++_烟雾_00051.png","cl":"png","refId":"image_33","sr":1,"ks":{"o":{"a":0,"k":100,"ix":11},"r":{"a":0,"k":0,"ix":10},"p":{"a":0,"k":[375,812,0],"ix":2,"l":2},"a":{"a":0,"k":[375,812,0],"ix":1,"l":2},"s":{"a":0,"k":[100,100,100],"ix":6,"l":2}},"ao":0,"ip":51,"op":52,"st":51,"bm":0},{"ddd":0,"ind":35,"ty":2,"nm":"社区红包++_烟雾_00052.png","cl":"png","refId":"image_34","sr":1,"ks":{"o":{"a":0,"k":100,"ix":11},"r":{"a":0,"k":0,"ix":10},"p":{"a":0,"k":[375,812,0],"ix":2,"l":2},"a":{"a":0,"k":[375,812,0],"ix":1,"l":2},"s":{"a":0,"k":[100,100,100],"ix":6,"l":2}},"ao":0,"ip":52,"op":53,"st":52,"bm":0},{"ddd":0,"ind":36,"ty":2,"nm":"社区红包++_烟雾_00053.png","cl":"png","refId":"image_35","sr":1,"ks":{"o":{"a":0,"k":100,"ix":11},"r":{"a":0,"k":0,"ix":10},"p":{"a":0,"k":[375,812,0],"ix":2,"l":2},"a":{"a":0,"k":[375,812,0],"ix":1,"l":2},"s":{"a":0,"k":[100,100,100],"ix":6,"l":2}},"ao":0,"ip":53,"op":54,"st":53,"bm":0},{"ddd":0,"ind":37,"ty":2,"nm":"社区红包++_烟雾_00054.png","cl":"png","refId":"image_36","sr":1,"ks":{"o":{"a":0,"k":100,"ix":11},"r":{"a":0,"k":0,"ix":10},"p":{"a":0,"k":[375,812,0],"ix":2,"l":2},"a":{"a":0,"k":[375,812,0],"ix":1,"l":2},"s":{"a":0,"k":[100,100,100],"ix":6,"l":2}},"ao":0,"ip":54,"op":55,"st":54,"bm":0},{"ddd":0,"ind":38,"ty":2,"nm":"社区红包++_烟雾_00055.png","cl":"png","refId":"image_37","sr":1,"ks":{"o":{"a":0,"k":100,"ix":11},"r":{"a":0,"k":0,"ix":10},"p":{"a":0,"k":[375,812,0],"ix":2,"l":2},"a":{"a":0,"k":[375,812,0],"ix":1,"l":2},"s":{"a":0,"k":[100,100,100],"ix":6,"l":2}},"ao":0,"ip":55,"op":56,"st":55,"bm":0},{"ddd":0,"ind":39,"ty":2,"nm":"社区红包++_烟雾_00056.png","cl":"png","refId":"image_38","sr":1,"ks":{"o":{"a":0,"k":100,"ix":11},"r":{"a":0,"k":0,"ix":10},"p":{"a":0,"k":[375,812,0],"ix":2,"l":2},"a":{"a":0,"k":[375,812,0],"ix":1,"l":2},"s":{"a":0,"k":[100,100,100],"ix":6,"l":2}},"ao":0,"ip":56,"op":57,"st":56,"bm":0},{"ddd":0,"ind":40,"ty":2,"nm":"社区红包++_烟雾_00057.png","cl":"png","refId":"image_39","sr":1,"ks":{"o":{"a":0,"k":100,"ix":11},"r":{"a":0,"k":0,"ix":10},"p":{"a":0,"k":[375,812,0],"ix":2,"l":2},"a":{"a":0,"k":[375,812,0],"ix":1,"l":2},"s":{"a":0,"k":[100,100,100],"ix":6,"l":2}},"ao":0,"ip":57,"op":58,"st":57,"bm":0},{"ddd":0,"ind":41,"ty":2,"nm":"社区红包++_烟雾_00058.png","cl":"png","refId":"image_40","sr":1,"ks":{"o":{"a":0,"k":100,"ix":11},"r":{"a":0,"k":0,"ix":10},"p":{"a":0,"k":[375,812,0],"ix":2,"l":2},"a":{"a":0,"k":[375,812,0],"ix":1,"l":2},"s":{"a":0,"k":[100,100,100],"ix":6,"l":2}},"ao":0,"ip":58,"op":59,"st":58,"bm":0},{"ddd":0,"ind":42,"ty":2,"nm":"社区红包++_烟雾_00059.png","cl":"png","refId":"image_41","sr":1,"ks":{"o":{"a":0,"k":100,"ix":11},"r":{"a":0,"k":0,"ix":10},"p":{"a":0,"k":[375,812,0],"ix":2,"l":2},"a":{"a":0,"k":[375,812,0],"ix":1,"l":2},"s":{"a":0,"k":[100,100,100],"ix":6,"l":2}},"ao":0,"ip":59,"op":60,"st":59,"bm":0},{"ddd":0,"ind":43,"ty":2,"nm":"社区红包++_烟雾_00060.png","cl":"png","refId":"image_42","sr":1,"ks":{"o":{"a":0,"k":100,"ix":11},"r":{"a":0,"k":0,"ix":10},"p":{"a":0,"k":[375,812,0],"ix":2,"l":2},"a":{"a":0,"k":[375,812,0],"ix":1,"l":2},"s":{"a":0,"k":[100,100,100],"ix":6,"l":2}},"ao":0,"ip":60,"op":61,"st":60,"bm":0},{"ddd":0,"ind":44,"ty":2,"nm":"社区红包++_烟雾_00061.png","cl":"png","refId":"image_43","sr":1,"ks":{"o":{"a":0,"k":100,"ix":11},"r":{"a":0,"k":0,"ix":10},"p":{"a":0,"k":[375,812,0],"ix":2,"l":2},"a":{"a":0,"k":[375,812,0],"ix":1,"l":2},"s":{"a":0,"k":[100,100,100],"ix":6,"l":2}},"ao":0,"ip":61,"op":62,"st":61,"bm":0},{"ddd":0,"ind":45,"ty":2,"nm":"社区红包++_烟雾_00062.png","cl":"png","refId":"image_44","sr":1,"ks":{"o":{"a":0,"k":100,"ix":11},"r":{"a":0,"k":0,"ix":10},"p":{"a":0,"k":[375,812,0],"ix":2,"l":2},"a":{"a":0,"k":[375,812,0],"ix":1,"l":2},"s":{"a":0,"k":[100,100,100],"ix":6,"l":2}},"ao":0,"ip":62,"op":63,"st":62,"bm":0},{"ddd":0,"ind":46,"ty":2,"nm":"社区红包++_烟雾_00063.png","cl":"png","refId":"image_45","sr":1,"ks":{"o":{"a":0,"k":100,"ix":11},"r":{"a":0,"k":0,"ix":10},"p":{"a":0,"k":[375,812,0],"ix":2,"l":2},"a":{"a":0,"k":[375,812,0],"ix":1,"l":2},"s":{"a":0,"k":[100,100,100],"ix":6,"l":2}},"ao":0,"ip":63,"op":64,"st":63,"bm":0},{"ddd":0,"ind":47,"ty":2,"nm":"社区红包++_烟雾_00064.png","cl":"png","refId":"image_46","sr":1,"ks":{"o":{"a":0,"k":100,"ix":11},"r":{"a":0,"k":0,"ix":10},"p":{"a":0,"k":[375,812,0],"ix":2,"l":2},"a":{"a":0,"k":[375,812,0],"ix":1,"l":2},"s":{"a":0,"k":[100,100,100],"ix":6,"l":2}},"ao":0,"ip":64,"op":65,"st":64,"bm":0},{"ddd":0,"ind":48,"ty":2,"nm":"社区红包++_烟雾_00065.png","cl":"png","refId":"image_47","sr":1,"ks":{"o":{"a":0,"k":100,"ix":11},"r":{"a":0,"k":0,"ix":10},"p":{"a":0,"k":[375,812,0],"ix":2,"l":2},"a":{"a":0,"k":[375,812,0],"ix":1,"l":2},"s":{"a":0,"k":[100,100,100],"ix":6,"l":2}},"ao":0,"ip":65,"op":66,"st":65,"bm":0},{"ddd":0,"ind":49,"ty":2,"nm":"社区红包++_烟雾_00066.png","cl":"png","refId":"image_48","sr":1,"ks":{"o":{"a":0,"k":100,"ix":11},"r":{"a":0,"k":0,"ix":10},"p":{"a":0,"k":[375,812,0],"ix":2,"l":2},"a":{"a":0,"k":[375,812,0],"ix":1,"l":2},"s":{"a":0,"k":[100,100,100],"ix":6,"l":2}},"ao":0,"ip":66,"op":67,"st":66,"bm":0},{"ddd":0,"ind":50,"ty":2,"nm":"社区红包++_烟雾_00067.png","cl":"png","refId":"image_49","sr":1,"ks":{"o":{"a":0,"k":100,"ix":11},"r":{"a":0,"k":0,"ix":10},"p":{"a":0,"k":[375,812,0],"ix":2,"l":2},"a":{"a":0,"k":[375,812,0],"ix":1,"l":2},"s":{"a":0,"k":[100,100,100],"ix":6,"l":2}},"ao":0,"ip":67,"op":68,"st":67,"bm":0},{"ddd":0,"ind":51,"ty":2,"nm":"社区红包++_烟雾_00068.png","cl":"png","refId":"image_50","sr":1,"ks":{"o":{"a":0,"k":100,"ix":11},"r":{"a":0,"k":0,"ix":10},"p":{"a":0,"k":[375,812,0],"ix":2,"l":2},"a":{"a":0,"k":[375,812,0],"ix":1,"l":2},"s":{"a":0,"k":[100,100,100],"ix":6,"l":2}},"ao":0,"ip":68,"op":69,"st":68,"bm":0},{"ddd":0,"ind":52,"ty":2,"nm":"社区红包++_烟雾_00069.png","cl":"png","refId":"image_51","sr":1,"ks":{"o":{"a":0,"k":100,"ix":11},"r":{"a":0,"k":0,"ix":10},"p":{"a":0,"k":[375,812,0],"ix":2,"l":2},"a":{"a":0,"k":[375,812,0],"ix":1,"l":2},"s":{"a":0,"k":[100,100,100],"ix":6,"l":2}},"ao":0,"ip":69,"op":70,"st":69,"bm":0},{"ddd":0,"ind":53,"ty":2,"nm":"社区红包++_烟雾_00070.png","cl":"png","refId":"image_52","sr":1,"ks":{"o":{"a":0,"k":100,"ix":11},"r":{"a":0,"k":0,"ix":10},"p":{"a":0,"k":[375,812,0],"ix":2,"l":2},"a":{"a":0,"k":[375,812,0],"ix":1,"l":2},"s":{"a":0,"k":[100,100,100],"ix":6,"l":2}},"ao":0,"ip":70,"op":71,"st":70,"bm":0},{"ddd":0,"ind":54,"ty":2,"nm":"社区红包++_烟雾_00071.png","cl":"png","refId":"image_53","sr":1,"ks":{"o":{"a":0,"k":100,"ix":11},"r":{"a":0,"k":0,"ix":10},"p":{"a":0,"k":[375,812,0],"ix":2,"l":2},"a":{"a":0,"k":[375,812,0],"ix":1,"l":2},"s":{"a":0,"k":[100,100,100],"ix":6,"l":2}},"ao":0,"ip":71,"op":72,"st":71,"bm":0},{"ddd":0,"ind":55,"ty":2,"nm":"社区红包++_烟雾_00072.png","cl":"png","refId":"image_54","sr":1,"ks":{"o":{"a":0,"k":100,"ix":11},"r":{"a":0,"k":0,"ix":10},"p":{"a":0,"k":[375,812,0],"ix":2,"l":2},"a":{"a":0,"k":[375,812,0],"ix":1,"l":2},"s":{"a":0,"k":[100,100,100],"ix":6,"l":2}},"ao":0,"ip":72,"op":73,"st":72,"bm":0},{"ddd":0,"ind":56,"ty":2,"nm":"社区红包++_烟雾_00073.png","cl":"png","refId":"image_55","sr":1,"ks":{"o":{"a":0,"k":100,"ix":11},"r":{"a":0,"k":0,"ix":10},"p":{"a":0,"k":[375,812,0],"ix":2,"l":2},"a":{"a":0,"k":[375,812,0],"ix":1,"l":2},"s":{"a":0,"k":[100,100,100],"ix":6,"l":2}},"ao":0,"ip":73,"op":74,"st":73,"bm":0},{"ddd":0,"ind":57,"ty":2,"nm":"社区红包++_烟雾_00074.png","cl":"png","refId":"image_56","sr":1,"ks":{"o":{"a":0,"k":100,"ix":11},"r":{"a":0,"k":0,"ix":10},"p":{"a":0,"k":[375,812,0],"ix":2,"l":2},"a":{"a":0,"k":[375,812,0],"ix":1,"l":2},"s":{"a":0,"k":[100,100,100],"ix":6,"l":2}},"ao":0,"ip":74,"op":75,"st":74,"bm":0},{"ddd":0,"ind":58,"ty":2,"nm":"社区红包++_烟雾_00075.png","cl":"png","refId":"image_57","sr":1,"ks":{"o":{"a":0,"k":100,"ix":11},"r":{"a":0,"k":0,"ix":10},"p":{"a":0,"k":[375,812,0],"ix":2,"l":2},"a":{"a":0,"k":[375,812,0],"ix":1,"l":2},"s":{"a":0,"k":[100,100,100],"ix":6,"l":2}},"ao":0,"ip":75,"op":76,"st":75,"bm":0},{"ddd":0,"ind":59,"ty":2,"nm":"社区红包++_烟雾_00076.png","cl":"png","refId":"image_58","sr":1,"ks":{"o":{"a":0,"k":100,"ix":11},"r":{"a":0,"k":0,"ix":10},"p":{"a":0,"k":[375,812,0],"ix":2,"l":2},"a":{"a":0,"k":[375,812,0],"ix":1,"l":2},"s":{"a":0,"k":[100,100,100],"ix":6,"l":2}},"ao":0,"ip":76,"op":77,"st":76,"bm":0},{"ddd":0,"ind":60,"ty":2,"nm":"社区红包++_烟雾_00077.png","cl":"png","refId":"image_59","sr":1,"ks":{"o":{"a":0,"k":100,"ix":11},"r":{"a":0,"k":0,"ix":10},"p":{"a":0,"k":[375,812,0],"ix":2,"l":2},"a":{"a":0,"k":[375,812,0],"ix":1,"l":2},"s":{"a":0,"k":[100,100,100],"ix":6,"l":2}},"ao":0,"ip":77,"op":78,"st":77,"bm":0},{"ddd":0,"ind":61,"ty":2,"nm":"社区红包++_烟雾_00078.png","cl":"png","refId":"image_60","sr":1,"ks":{"o":{"a":0,"k":100,"ix":11},"r":{"a":0,"k":0,"ix":10},"p":{"a":0,"k":[375,812,0],"ix":2,"l":2},"a":{"a":0,"k":[375,812,0],"ix":1,"l":2},"s":{"a":0,"k":[100,100,100],"ix":6,"l":2}},"ao":0,"ip":78,"op":79,"st":78,"bm":0},{"ddd":0,"ind":62,"ty":2,"nm":"社区红包++_烟雾_00079.png","cl":"png","refId":"image_61","sr":1,"ks":{"o":{"a":0,"k":100,"ix":11},"r":{"a":0,"k":0,"ix":10},"p":{"a":0,"k":[375,812,0],"ix":2,"l":2},"a":{"a":0,"k":[375,812,0],"ix":1,"l":2},"s":{"a":0,"k":[100,100,100],"ix":6,"l":2}},"ao":0,"ip":79,"op":80,"st":79,"bm":0},{"ddd":0,"ind":63,"ty":2,"nm":"社区红包++_烟雾_00080.png","cl":"png","refId":"image_62","sr":1,"ks":{"o":{"a":0,"k":100,"ix":11},"r":{"a":0,"k":0,"ix":10},"p":{"a":0,"k":[375,812,0],"ix":2,"l":2},"a":{"a":0,"k":[375,812,0],"ix":1,"l":2},"s":{"a":0,"k":[100,100,100],"ix":6,"l":2}},"ao":0,"ip":80,"op":81,"st":80,"bm":0},{"ddd":0,"ind":64,"ty":2,"nm":"社区红包++_烟雾_00081.png","cl":"png","refId":"image_63","sr":1,"ks":{"o":{"a":0,"k":100,"ix":11},"r":{"a":0,"k":0,"ix":10},"p":{"a":0,"k":[375,812,0],"ix":2,"l":2},"a":{"a":0,"k":[375,812,0],"ix":1,"l":2},"s":{"a":0,"k":[100,100,100],"ix":6,"l":2}},"ao":0,"ip":81,"op":82,"st":81,"bm":0},{"ddd":0,"ind":65,"ty":2,"nm":"社区红包++_烟雾_00082.png","cl":"png","refId":"image_64","sr":1,"ks":{"o":{"a":0,"k":100,"ix":11},"r":{"a":0,"k":0,"ix":10},"p":{"a":0,"k":[375,812,0],"ix":2,"l":2},"a":{"a":0,"k":[375,812,0],"ix":1,"l":2},"s":{"a":0,"k":[100,100,100],"ix":6,"l":2}},"ao":0,"ip":82,"op":83,"st":82,"bm":0},{"ddd":0,"ind":66,"ty":2,"nm":"社区红包++_烟雾_00083.png","cl":"png","refId":"image_65","sr":1,"ks":{"o":{"a":0,"k":100,"ix":11},"r":{"a":0,"k":0,"ix":10},"p":{"a":0,"k":[375,812,0],"ix":2,"l":2},"a":{"a":0,"k":[375,812,0],"ix":1,"l":2},"s":{"a":0,"k":[100,100,100],"ix":6,"l":2}},"ao":0,"ip":83,"op":84,"st":83,"bm":0},{"ddd":0,"ind":67,"ty":2,"nm":"社区红包++_烟雾_00084.png","cl":"png","refId":"image_66","sr":1,"ks":{"o":{"a":0,"k":100,"ix":11},"r":{"a":0,"k":0,"ix":10},"p":{"a":0,"k":[375,812,0],"ix":2,"l":2},"a":{"a":0,"k":[375,812,0],"ix":1,"l":2},"s":{"a":0,"k":[100,100,100],"ix":6,"l":2}},"ao":0,"ip":84,"op":85,"st":84,"bm":0},{"ddd":0,"ind":68,"ty":2,"nm":"社区红包++_烟雾_00085.png","cl":"png","refId":"image_67","sr":1,"ks":{"o":{"a":0,"k":100,"ix":11},"r":{"a":0,"k":0,"ix":10},"p":{"a":0,"k":[375,812,0],"ix":2,"l":2},"a":{"a":0,"k":[375,812,0],"ix":1,"l":2},"s":{"a":0,"k":[100,100,100],"ix":6,"l":2}},"ao":0,"ip":85,"op":86,"st":85,"bm":0},{"ddd":0,"ind":69,"ty":2,"nm":"社区红包++_烟雾_00086.png","cl":"png","refId":"image_68","sr":1,"ks":{"o":{"a":0,"k":100,"ix":11},"r":{"a":0,"k":0,"ix":10},"p":{"a":0,"k":[375,812,0],"ix":2,"l":2},"a":{"a":0,"k":[375,812,0],"ix":1,"l":2},"s":{"a":0,"k":[100,100,100],"ix":6,"l":2}},"ao":0,"ip":86,"op":87,"st":86,"bm":0},{"ddd":0,"ind":70,"ty":2,"nm":"社区红包++_烟雾_00087.png","cl":"png","refId":"image_69","sr":1,"ks":{"o":{"a":0,"k":100,"ix":11},"r":{"a":0,"k":0,"ix":10},"p":{"a":0,"k":[375,812,0],"ix":2,"l":2},"a":{"a":0,"k":[375,812,0],"ix":1,"l":2},"s":{"a":0,"k":[100,100,100],"ix":6,"l":2}},"ao":0,"ip":87,"op":88,"st":87,"bm":0},{"ddd":0,"ind":71,"ty":2,"nm":"社区红包++_烟雾_00088.png","cl":"png","refId":"image_70","sr":1,"ks":{"o":{"a":0,"k":100,"ix":11},"r":{"a":0,"k":0,"ix":10},"p":{"a":0,"k":[375,812,0],"ix":2,"l":2},"a":{"a":0,"k":[375,812,0],"ix":1,"l":2},"s":{"a":0,"k":[100,100,100],"ix":6,"l":2}},"ao":0,"ip":88,"op":89,"st":88,"bm":0},{"ddd":0,"ind":72,"ty":2,"nm":"社区红包++_烟雾_00089.png","cl":"png","refId":"image_71","sr":1,"ks":{"o":{"a":0,"k":100,"ix":11},"r":{"a":0,"k":0,"ix":10},"p":{"a":0,"k":[375,812,0],"ix":2,"l":2},"a":{"a":0,"k":[375,812,0],"ix":1,"l":2},"s":{"a":0,"k":[100,100,100],"ix":6,"l":2}},"ao":0,"ip":89,"op":90,"st":89,"bm":0},{"ddd":0,"ind":73,"ty":2,"nm":"社区红包++_烟雾_00090.png","cl":"png","refId":"image_72","sr":1,"ks":{"o":{"a":0,"k":100,"ix":11},"r":{"a":0,"k":0,"ix":10},"p":{"a":0,"k":[375,812,0],"ix":2,"l":2},"a":{"a":0,"k":[375,812,0],"ix":1,"l":2},"s":{"a":0,"k":[100,100,100],"ix":6,"l":2}},"ao":0,"ip":90,"op":91,"st":90,"bm":0},{"ddd":0,"ind":74,"ty":2,"nm":"社区红包++_烟雾_00091.png","cl":"png","refId":"image_73","sr":1,"ks":{"o":{"a":0,"k":100,"ix":11},"r":{"a":0,"k":0,"ix":10},"p":{"a":0,"k":[375,812,0],"ix":2,"l":2},"a":{"a":0,"k":[375,812,0],"ix":1,"l":2},"s":{"a":0,"k":[100,100,100],"ix":6,"l":2}},"ao":0,"ip":91,"op":92,"st":91,"bm":0},{"ddd":0,"ind":75,"ty":2,"nm":"社区红包++_烟雾_00092.png","cl":"png","refId":"image_74","sr":1,"ks":{"o":{"a":0,"k":100,"ix":11},"r":{"a":0,"k":0,"ix":10},"p":{"a":0,"k":[375,812,0],"ix":2,"l":2},"a":{"a":0,"k":[375,812,0],"ix":1,"l":2},"s":{"a":0,"k":[100,100,100],"ix":6,"l":2}},"ao":0,"ip":92,"op":93,"st":92,"bm":0},{"ddd":0,"ind":76,"ty":2,"nm":"社区红包++_烟雾_00093.png","cl":"png","refId":"image_75","sr":1,"ks":{"o":{"a":0,"k":100,"ix":11},"r":{"a":0,"k":0,"ix":10},"p":{"a":0,"k":[375,812,0],"ix":2,"l":2},"a":{"a":0,"k":[375,812,0],"ix":1,"l":2},"s":{"a":0,"k":[100,100,100],"ix":6,"l":2}},"ao":0,"ip":93,"op":94,"st":93,"bm":0},{"ddd":0,"ind":77,"ty":2,"nm":"社区红包++_烟雾_00094.png","cl":"png","refId":"image_76","sr":1,"ks":{"o":{"a":0,"k":100,"ix":11},"r":{"a":0,"k":0,"ix":10},"p":{"a":0,"k":[375,812,0],"ix":2,"l":2},"a":{"a":0,"k":[375,812,0],"ix":1,"l":2},"s":{"a":0,"k":[100,100,100],"ix":6,"l":2}},"ao":0,"ip":94,"op":95,"st":94,"bm":0},{"ddd":0,"ind":78,"ty":2,"nm":"社区红包++_烟雾_00095.png","cl":"png","refId":"image_77","sr":1,"ks":{"o":{"a":0,"k":100,"ix":11},"r":{"a":0,"k":0,"ix":10},"p":{"a":0,"k":[375,812,0],"ix":2,"l":2},"a":{"a":0,"k":[375,812,0],"ix":1,"l":2},"s":{"a":0,"k":[100,100,100],"ix":6,"l":2}},"ao":0,"ip":95,"op":96,"st":95,"bm":0},{"ddd":0,"ind":79,"ty":2,"nm":"社区红包++_烟雾_00096.png","cl":"png","refId":"image_78","sr":1,"ks":{"o":{"a":0,"k":100,"ix":11},"r":{"a":0,"k":0,"ix":10},"p":{"a":0,"k":[375,812,0],"ix":2,"l":2},"a":{"a":0,"k":[375,812,0],"ix":1,"l":2},"s":{"a":0,"k":[100,100,100],"ix":6,"l":2}},"ao":0,"ip":96,"op":97,"st":96,"bm":0},{"ddd":0,"ind":80,"ty":2,"nm":"社区红包++_烟雾_00097.png","cl":"png","refId":"image_79","sr":1,"ks":{"o":{"a":0,"k":100,"ix":11},"r":{"a":0,"k":0,"ix":10},"p":{"a":0,"k":[375,812,0],"ix":2,"l":2},"a":{"a":0,"k":[375,812,0],"ix":1,"l":2},"s":{"a":0,"k":[100,100,100],"ix":6,"l":2}},"ao":0,"ip":97,"op":98,"st":97,"bm":0},{"ddd":0,"ind":81,"ty":2,"nm":"社区红包++_烟雾_00098.png","cl":"png","refId":"image_80","sr":1,"ks":{"o":{"a":0,"k":100,"ix":11},"r":{"a":0,"k":0,"ix":10},"p":{"a":0,"k":[375,812,0],"ix":2,"l":2},"a":{"a":0,"k":[375,812,0],"ix":1,"l":2},"s":{"a":0,"k":[100,100,100],"ix":6,"l":2}},"ao":0,"ip":98,"op":99,"st":98,"bm":0},{"ddd":0,"ind":82,"ty":2,"nm":"社区红包++_烟雾_00099.png","cl":"png","refId":"image_81","sr":1,"ks":{"o":{"a":0,"k":100,"ix":11},"r":{"a":0,"k":0,"ix":10},"p":{"a":0,"k":[375,812,0],"ix":2,"l":2},"a":{"a":0,"k":[375,812,0],"ix":1,"l":2},"s":{"a":0,"k":[100,100,100],"ix":6,"l":2}},"ao":0,"ip":99,"op":100,"st":99,"bm":0},{"ddd":0,"ind":83,"ty":2,"nm":"社区红包++_烟雾_00100.png","cl":"png","refId":"image_82","sr":1,"ks":{"o":{"a":0,"k":100,"ix":11},"r":{"a":0,"k":0,"ix":10},"p":{"a":0,"k":[375,812,0],"ix":2,"l":2},"a":{"a":0,"k":[375,812,0],"ix":1,"l":2},"s":{"a":0,"k":[100,100,100],"ix":6,"l":2}},"ao":0,"ip":100,"op":101,"st":100,"bm":0},{"ddd":0,"ind":84,"ty":2,"nm":"社区红包++_烟雾_00101.png","cl":"png","refId":"image_83","sr":1,"ks":{"o":{"a":0,"k":100,"ix":11},"r":{"a":0,"k":0,"ix":10},"p":{"a":0,"k":[375,812,0],"ix":2,"l":2},"a":{"a":0,"k":[375,812,0],"ix":1,"l":2},"s":{"a":0,"k":[100,100,100],"ix":6,"l":2}},"ao":0,"ip":101,"op":102,"st":101,"bm":0},{"ddd":0,"ind":85,"ty":2,"nm":"社区红包++_烟雾_00102.png","cl":"png","refId":"image_84","sr":1,"ks":{"o":{"a":0,"k":100,"ix":11},"r":{"a":0,"k":0,"ix":10},"p":{"a":0,"k":[375,812,0],"ix":2,"l":2},"a":{"a":0,"k":[375,812,0],"ix":1,"l":2},"s":{"a":0,"k":[100,100,100],"ix":6,"l":2}},"ao":0,"ip":102,"op":103,"st":102,"bm":0},{"ddd":0,"ind":86,"ty":2,"nm":"社区红包++_烟雾_00103.png","cl":"png","refId":"image_85","sr":1,"ks":{"o":{"a":0,"k":100,"ix":11},"r":{"a":0,"k":0,"ix":10},"p":{"a":0,"k":[375,812,0],"ix":2,"l":2},"a":{"a":0,"k":[375,812,0],"ix":1,"l":2},"s":{"a":0,"k":[100,100,100],"ix":6,"l":2}},"ao":0,"ip":103,"op":104,"st":103,"bm":0},{"ddd":0,"ind":87,"ty":2,"nm":"社区红包++_烟雾_00104.png","cl":"png","refId":"image_86","sr":1,"ks":{"o":{"a":0,"k":100,"ix":11},"r":{"a":0,"k":0,"ix":10},"p":{"a":0,"k":[375,812,0],"ix":2,"l":2},"a":{"a":0,"k":[375,812,0],"ix":1,"l":2},"s":{"a":0,"k":[100,100,100],"ix":6,"l":2}},"ao":0,"ip":104,"op":105,"st":104,"bm":0},{"ddd":0,"ind":88,"ty":2,"nm":"社区红包++_烟雾_00105.png","cl":"png","refId":"image_87","sr":1,"ks":{"o":{"a":0,"k":100,"ix":11},"r":{"a":0,"k":0,"ix":10},"p":{"a":0,"k":[375,812,0],"ix":2,"l":2},"a":{"a":0,"k":[375,812,0],"ix":1,"l":2},"s":{"a":0,"k":[100,100,100],"ix":6,"l":2}},"ao":0,"ip":105,"op":106,"st":105,"bm":0},{"ddd":0,"ind":89,"ty":2,"nm":"社区红包++_烟雾_00106.png","cl":"png","refId":"image_88","sr":1,"ks":{"o":{"a":0,"k":100,"ix":11},"r":{"a":0,"k":0,"ix":10},"p":{"a":0,"k":[375,812,0],"ix":2,"l":2},"a":{"a":0,"k":[375,812,0],"ix":1,"l":2},"s":{"a":0,"k":[100,100,100],"ix":6,"l":2}},"ao":0,"ip":106,"op":107,"st":106,"bm":0},{"ddd":0,"ind":90,"ty":2,"nm":"社区红包++_烟雾_00107.png","cl":"png","refId":"image_89","sr":1,"ks":{"o":{"a":0,"k":100,"ix":11},"r":{"a":0,"k":0,"ix":10},"p":{"a":0,"k":[375,812,0],"ix":2,"l":2},"a":{"a":0,"k":[375,812,0],"ix":1,"l":2},"s":{"a":0,"k":[100,100,100],"ix":6,"l":2}},"ao":0,"ip":107,"op":108,"st":107,"bm":0},{"ddd":0,"ind":91,"ty":2,"nm":"社区红包++_烟雾_00108.png","cl":"png","refId":"image_90","sr":1,"ks":{"o":{"a":0,"k":100,"ix":11},"r":{"a":0,"k":0,"ix":10},"p":{"a":0,"k":[375,812,0],"ix":2,"l":2},"a":{"a":0,"k":[375,812,0],"ix":1,"l":2},"s":{"a":0,"k":[100,100,100],"ix":6,"l":2}},"ao":0,"ip":108,"op":109,"st":108,"bm":0},{"ddd":0,"ind":92,"ty":2,"nm":"社区红包++_烟雾_00109.png","cl":"png","refId":"image_91","sr":1,"ks":{"o":{"a":0,"k":100,"ix":11},"r":{"a":0,"k":0,"ix":10},"p":{"a":0,"k":[375,812,0],"ix":2,"l":2},"a":{"a":0,"k":[375,812,0],"ix":1,"l":2},"s":{"a":0,"k":[100,100,100],"ix":6,"l":2}},"ao":0,"ip":109,"op":110,"st":109,"bm":0},{"ddd":0,"ind":93,"ty":2,"nm":"社区红包++_烟雾_00110.png","cl":"png","refId":"image_92","sr":1,"ks":{"o":{"a":0,"k":100,"ix":11},"r":{"a":0,"k":0,"ix":10},"p":{"a":0,"k":[375,812,0],"ix":2,"l":2},"a":{"a":0,"k":[375,812,0],"ix":1,"l":2},"s":{"a":0,"k":[100,100,100],"ix":6,"l":2}},"ao":0,"ip":110,"op":111,"st":110,"bm":0},{"ddd":0,"ind":94,"ty":2,"nm":"社区红包++_烟雾_00111.png","cl":"png","refId":"image_93","sr":1,"ks":{"o":{"a":0,"k":100,"ix":11},"r":{"a":0,"k":0,"ix":10},"p":{"a":0,"k":[375,812,0],"ix":2,"l":2},"a":{"a":0,"k":[375,812,0],"ix":1,"l":2},"s":{"a":0,"k":[100,100,100],"ix":6,"l":2}},"ao":0,"ip":111,"op":112,"st":111,"bm":0},{"ddd":0,"ind":95,"ty":2,"nm":"社区红包++_烟雾_00112.png","cl":"png","refId":"image_94","sr":1,"ks":{"o":{"a":0,"k":100,"ix":11},"r":{"a":0,"k":0,"ix":10},"p":{"a":0,"k":[375,812,0],"ix":2,"l":2},"a":{"a":0,"k":[375,812,0],"ix":1,"l":2},"s":{"a":0,"k":[100,100,100],"ix":6,"l":2}},"ao":0,"ip":112,"op":113,"st":112,"bm":0},{"ddd":0,"ind":96,"ty":2,"nm":"社区红包++_烟雾_00113.png","cl":"png","refId":"image_95","sr":1,"ks":{"o":{"a":0,"k":100,"ix":11},"r":{"a":0,"k":0,"ix":10},"p":{"a":0,"k":[375,812,0],"ix":2,"l":2},"a":{"a":0,"k":[375,812,0],"ix":1,"l":2},"s":{"a":0,"k":[100,100,100],"ix":6,"l":2}},"ao":0,"ip":113,"op":114,"st":113,"bm":0},{"ddd":0,"ind":97,"ty":2,"nm":"社区红包++_烟雾_00114.png","cl":"png","refId":"image_96","sr":1,"ks":{"o":{"a":0,"k":100,"ix":11},"r":{"a":0,"k":0,"ix":10},"p":{"a":0,"k":[375,812,0],"ix":2,"l":2},"a":{"a":0,"k":[375,812,0],"ix":1,"l":2},"s":{"a":0,"k":[100,100,100],"ix":6,"l":2}},"ao":0,"ip":114,"op":115,"st":114,"bm":0},{"ddd":0,"ind":98,"ty":2,"nm":"社区红包++_烟雾_00115.png","cl":"png","refId":"image_97","sr":1,"ks":{"o":{"a":0,"k":100,"ix":11},"r":{"a":0,"k":0,"ix":10},"p":{"a":0,"k":[375,812,0],"ix":2,"l":2},"a":{"a":0,"k":[375,812,0],"ix":1,"l":2},"s":{"a":0,"k":[100,100,100],"ix":6,"l":2}},"ao":0,"ip":115,"op":116,"st":115,"bm":0},{"ddd":0,"ind":99,"ty":2,"nm":"社区红包++_烟雾_00116.png","cl":"png","refId":"image_98","sr":1,"ks":{"o":{"a":0,"k":100,"ix":11},"r":{"a":0,"k":0,"ix":10},"p":{"a":0,"k":[375,812,0],"ix":2,"l":2},"a":{"a":0,"k":[375,812,0],"ix":1,"l":2},"s":{"a":0,"k":[100,100,100],"ix":6,"l":2}},"ao":0,"ip":116,"op":117,"st":116,"bm":0},{"ddd":0,"ind":100,"ty":2,"nm":"社区红包++_烟雾_00117.png","cl":"png","refId":"image_99","sr":1,"ks":{"o":{"a":0,"k":100,"ix":11},"r":{"a":0,"k":0,"ix":10},"p":{"a":0,"k":[375,812,0],"ix":2,"l":2},"a":{"a":0,"k":[375,812,0],"ix":1,"l":2},"s":{"a":0,"k":[100,100,100],"ix":6,"l":2}},"ao":0,"ip":117,"op":118,"st":117,"bm":0},{"ddd":0,"ind":101,"ty":2,"nm":"社区红包++_烟雾_00118.png","cl":"png","refId":"image_100","sr":1,"ks":{"o":{"a":0,"k":100,"ix":11},"r":{"a":0,"k":0,"ix":10},"p":{"a":0,"k":[375,812,0],"ix":2,"l":2},"a":{"a":0,"k":[375,812,0],"ix":1,"l":2},"s":{"a":0,"k":[100,100,100],"ix":6,"l":2}},"ao":0,"ip":118,"op":119,"st":118,"bm":0},{"ddd":0,"ind":102,"ty":2,"nm":"社区红包++_烟雾_00119.png","cl":"png","refId":"image_101","sr":1,"ks":{"o":{"a":0,"k":100,"ix":11},"r":{"a":0,"k":0,"ix":10},"p":{"a":0,"k":[375,812,0],"ix":2,"l":2},"a":{"a":0,"k":[375,812,0],"ix":1,"l":2},"s":{"a":0,"k":[100,100,100],"ix":6,"l":2}},"ao":0,"ip":119,"op":120,"st":119,"bm":0},{"ddd":0,"ind":103,"ty":2,"nm":"社区红包++_烟雾_00120.png","cl":"png","refId":"image_102","sr":1,"ks":{"o":{"a":0,"k":100,"ix":11},"r":{"a":0,"k":0,"ix":10},"p":{"a":0,"k":[375,812,0],"ix":2,"l":2},"a":{"a":0,"k":[375,812,0],"ix":1,"l":2},"s":{"a":0,"k":[100,100,100],"ix":6,"l":2}},"ao":0,"ip":120,"op":121,"st":120,"bm":0},{"ddd":0,"ind":104,"ty":2,"nm":"社区红包++_烟雾_00121.png","cl":"png","refId":"image_103","sr":1,"ks":{"o":{"a":0,"k":100,"ix":11},"r":{"a":0,"k":0,"ix":10},"p":{"a":0,"k":[375,812,0],"ix":2,"l":2},"a":{"a":0,"k":[375,812,0],"ix":1,"l":2},"s":{"a":0,"k":[100,100,100],"ix":6,"l":2}},"ao":0,"ip":121,"op":122,"st":121,"bm":0},{"ddd":0,"ind":105,"ty":2,"nm":"社区红包++_烟雾_00122.png","cl":"png","refId":"image_104","sr":1,"ks":{"o":{"a":0,"k":100,"ix":11},"r":{"a":0,"k":0,"ix":10},"p":{"a":0,"k":[375,812,0],"ix":2,"l":2},"a":{"a":0,"k":[375,812,0],"ix":1,"l":2},"s":{"a":0,"k":[100,100,100],"ix":6,"l":2}},"ao":0,"ip":122,"op":123,"st":122,"bm":0},{"ddd":0,"ind":106,"ty":2,"nm":"社区红包++_烟雾_00123.png","cl":"png","refId":"image_105","sr":1,"ks":{"o":{"a":0,"k":100,"ix":11},"r":{"a":0,"k":0,"ix":10},"p":{"a":0,"k":[375,812,0],"ix":2,"l":2},"a":{"a":0,"k":[375,812,0],"ix":1,"l":2},"s":{"a":0,"k":[100,100,100],"ix":6,"l":2}},"ao":0,"ip":123,"op":124,"st":123,"bm":0},{"ddd":0,"ind":107,"ty":2,"nm":"社区红包++_烟雾_00124.png","cl":"png","refId":"image_106","sr":1,"ks":{"o":{"a":0,"k":100,"ix":11},"r":{"a":0,"k":0,"ix":10},"p":{"a":0,"k":[375,812,0],"ix":2,"l":2},"a":{"a":0,"k":[375,812,0],"ix":1,"l":2},"s":{"a":0,"k":[100,100,100],"ix":6,"l":2}},"ao":0,"ip":124,"op":125,"st":124,"bm":0},{"ddd":0,"ind":108,"ty":2,"nm":"社区红包++_烟雾_00125.png","cl":"png","refId":"image_107","sr":1,"ks":{"o":{"a":0,"k":100,"ix":11},"r":{"a":0,"k":0,"ix":10},"p":{"a":0,"k":[375,812,0],"ix":2,"l":2},"a":{"a":0,"k":[375,812,0],"ix":1,"l":2},"s":{"a":0,"k":[100,100,100],"ix":6,"l":2}},"ao":0,"ip":125,"op":126,"st":125,"bm":0},{"ddd":0,"ind":109,"ty":2,"nm":"社区红包++_烟雾_00126.png","cl":"png","refId":"image_108","sr":1,"ks":{"o":{"a":0,"k":100,"ix":11},"r":{"a":0,"k":0,"ix":10},"p":{"a":0,"k":[375,812,0],"ix":2,"l":2},"a":{"a":0,"k":[375,812,0],"ix":1,"l":2},"s":{"a":0,"k":[100,100,100],"ix":6,"l":2}},"ao":0,"ip":126,"op":127,"st":126,"bm":0},{"ddd":0,"ind":110,"ty":2,"nm":"社区红包++_烟雾_00127.png","cl":"png","refId":"image_109","sr":1,"ks":{"o":{"a":0,"k":100,"ix":11},"r":{"a":0,"k":0,"ix":10},"p":{"a":0,"k":[375,812,0],"ix":2,"l":2},"a":{"a":0,"k":[375,812,0],"ix":1,"l":2},"s":{"a":0,"k":[100,100,100],"ix":6,"l":2}},"ao":0,"ip":127,"op":128,"st":127,"bm":0},{"ddd":0,"ind":111,"ty":2,"nm":"社区红包++_烟雾_00128.png","cl":"png","refId":"image_110","sr":1,"ks":{"o":{"a":0,"k":100,"ix":11},"r":{"a":0,"k":0,"ix":10},"p":{"a":0,"k":[375,812,0],"ix":2,"l":2},"a":{"a":0,"k":[375,812,0],"ix":1,"l":2},"s":{"a":0,"k":[100,100,100],"ix":6,"l":2}},"ao":0,"ip":128,"op":129,"st":128,"bm":0},{"ddd":0,"ind":112,"ty":2,"nm":"社区红包++_烟雾_00129.png","cl":"png","refId":"image_111","sr":1,"ks":{"o":{"a":0,"k":100,"ix":11},"r":{"a":0,"k":0,"ix":10},"p":{"a":0,"k":[375,812,0],"ix":2,"l":2},"a":{"a":0,"k":[375,812,0],"ix":1,"l":2},"s":{"a":0,"k":[100,100,100],"ix":6,"l":2}},"ao":0,"ip":129,"op":130,"st":129,"bm":0},{"ddd":0,"ind":113,"ty":2,"nm":"社区红包++_烟雾_00130.png","cl":"png","refId":"image_112","sr":1,"ks":{"o":{"a":0,"k":100,"ix":11},"r":{"a":0,"k":0,"ix":10},"p":{"a":0,"k":[375,812,0],"ix":2,"l":2},"a":{"a":0,"k":[375,812,0],"ix":1,"l":2},"s":{"a":0,"k":[100,100,100],"ix":6,"l":2}},"ao":0,"ip":130,"op":131,"st":130,"bm":0},{"ddd":0,"ind":114,"ty":2,"nm":"社区红包++_烟雾_00131.png","cl":"png","refId":"image_113","sr":1,"ks":{"o":{"a":0,"k":100,"ix":11},"r":{"a":0,"k":0,"ix":10},"p":{"a":0,"k":[375,812,0],"ix":2,"l":2},"a":{"a":0,"k":[375,812,0],"ix":1,"l":2},"s":{"a":0,"k":[100,100,100],"ix":6,"l":2}},"ao":0,"ip":131,"op":132,"st":131,"bm":0},{"ddd":0,"ind":115,"ty":2,"nm":"社区红包++_烟雾_00132.png","cl":"png","refId":"image_114","sr":1,"ks":{"o":{"a":0,"k":100,"ix":11},"r":{"a":0,"k":0,"ix":10},"p":{"a":0,"k":[375,812,0],"ix":2,"l":2},"a":{"a":0,"k":[375,812,0],"ix":1,"l":2},"s":{"a":0,"k":[100,100,100],"ix":6,"l":2}},"ao":0,"ip":132,"op":133,"st":132,"bm":0},{"ddd":0,"ind":116,"ty":2,"nm":"社区红包++_烟雾_00133.png","cl":"png","refId":"image_115","sr":1,"ks":{"o":{"a":0,"k":100,"ix":11},"r":{"a":0,"k":0,"ix":10},"p":{"a":0,"k":[375,812,0],"ix":2,"l":2},"a":{"a":0,"k":[375,812,0],"ix":1,"l":2},"s":{"a":0,"k":[100,100,100],"ix":6,"l":2}},"ao":0,"ip":133,"op":134,"st":133,"bm":0},{"ddd":0,"ind":117,"ty":2,"nm":"社区红包++_烟雾_00134.png","cl":"png","refId":"image_116","sr":1,"ks":{"o":{"a":0,"k":100,"ix":11},"r":{"a":0,"k":0,"ix":10},"p":{"a":0,"k":[375,812,0],"ix":2,"l":2},"a":{"a":0,"k":[375,812,0],"ix":1,"l":2},"s":{"a":0,"k":[100,100,100],"ix":6,"l":2}},"ao":0,"ip":134,"op":135,"st":134,"bm":0},{"ddd":0,"ind":118,"ty":2,"nm":"社区红包++_烟雾_00135.png","cl":"png","refId":"image_117","sr":1,"ks":{"o":{"a":0,"k":100,"ix":11},"r":{"a":0,"k":0,"ix":10},"p":{"a":0,"k":[375,812,0],"ix":2,"l":2},"a":{"a":0,"k":[375,812,0],"ix":1,"l":2},"s":{"a":0,"k":[100,100,100],"ix":6,"l":2}},"ao":0,"ip":135,"op":136,"st":135,"bm":0},{"ddd":0,"ind":119,"ty":2,"nm":"社区红包++_烟雾_00136.png","cl":"png","refId":"image_118","sr":1,"ks":{"o":{"a":0,"k":100,"ix":11},"r":{"a":0,"k":0,"ix":10},"p":{"a":0,"k":[375,812,0],"ix":2,"l":2},"a":{"a":0,"k":[375,812,0],"ix":1,"l":2},"s":{"a":0,"k":[100,100,100],"ix":6,"l":2}},"ao":0,"ip":136,"op":137,"st":136,"bm":0},{"ddd":0,"ind":120,"ty":2,"nm":"社区红包++_烟雾_00137.png","cl":"png","refId":"image_119","sr":1,"ks":{"o":{"a":0,"k":100,"ix":11},"r":{"a":0,"k":0,"ix":10},"p":{"a":0,"k":[375,812,0],"ix":2,"l":2},"a":{"a":0,"k":[375,812,0],"ix":1,"l":2},"s":{"a":0,"k":[100,100,100],"ix":6,"l":2}},"ao":0,"ip":137,"op":138,"st":137,"bm":0},{"ddd":0,"ind":121,"ty":2,"nm":"社区红包++_烟雾_00138.png","cl":"png","refId":"image_120","sr":1,"ks":{"o":{"a":0,"k":100,"ix":11},"r":{"a":0,"k":0,"ix":10},"p":{"a":0,"k":[375,812,0],"ix":2,"l":2},"a":{"a":0,"k":[375,812,0],"ix":1,"l":2},"s":{"a":0,"k":[100,100,100],"ix":6,"l":2}},"ao":0,"ip":138,"op":139,"st":138,"bm":0},{"ddd":0,"ind":122,"ty":2,"nm":"社区红包++_烟雾_00139.png","cl":"png","refId":"image_121","sr":1,"ks":{"o":{"a":0,"k":100,"ix":11},"r":{"a":0,"k":0,"ix":10},"p":{"a":0,"k":[375,812,0],"ix":2,"l":2},"a":{"a":0,"k":[375,812,0],"ix":1,"l":2},"s":{"a":0,"k":[100,100,100],"ix":6,"l":2}},"ao":0,"ip":139,"op":140,"st":139,"bm":0},{"ddd":0,"ind":123,"ty":2,"nm":"社区红包++_烟雾_00140.png","cl":"png","refId":"image_122","sr":1,"ks":{"o":{"a":0,"k":100,"ix":11},"r":{"a":0,"k":0,"ix":10},"p":{"a":0,"k":[375,812,0],"ix":2,"l":2},"a":{"a":0,"k":[375,812,0],"ix":1,"l":2},"s":{"a":0,"k":[100,100,100],"ix":6,"l":2}},"ao":0,"ip":140,"op":141,"st":140,"bm":0},{"ddd":0,"ind":124,"ty":2,"nm":"社区红包++_烟雾_00141.png","cl":"png","refId":"image_123","sr":1,"ks":{"o":{"a":0,"k":100,"ix":11},"r":{"a":0,"k":0,"ix":10},"p":{"a":0,"k":[375,812,0],"ix":2,"l":2},"a":{"a":0,"k":[375,812,0],"ix":1,"l":2},"s":{"a":0,"k":[100,100,100],"ix":6,"l":2}},"ao":0,"ip":141,"op":142,"st":141,"bm":0},{"ddd":0,"ind":125,"ty":2,"nm":"社区红包++_烟雾_00142.png","cl":"png","refId":"image_124","sr":1,"ks":{"o":{"a":0,"k":100,"ix":11},"r":{"a":0,"k":0,"ix":10},"p":{"a":0,"k":[375,812,0],"ix":2,"l":2},"a":{"a":0,"k":[375,812,0],"ix":1,"l":2},"s":{"a":0,"k":[100,100,100],"ix":6,"l":2}},"ao":0,"ip":142,"op":143,"st":142,"bm":0},{"ddd":0,"ind":126,"ty":2,"nm":"社区红包++_烟雾_00143.png","cl":"png","refId":"image_125","sr":1,"ks":{"o":{"a":0,"k":100,"ix":11},"r":{"a":0,"k":0,"ix":10},"p":{"a":0,"k":[375,812,0],"ix":2,"l":2},"a":{"a":0,"k":[375,812,0],"ix":1,"l":2},"s":{"a":0,"k":[100,100,100],"ix":6,"l":2}},"ao":0,"ip":143,"op":144,"st":143,"bm":0},{"ddd":0,"ind":127,"ty":2,"nm":"社区红包++_烟雾_00144.png","cl":"png","refId":"image_126","sr":1,"ks":{"o":{"a":0,"k":100,"ix":11},"r":{"a":0,"k":0,"ix":10},"p":{"a":0,"k":[375,812,0],"ix":2,"l":2},"a":{"a":0,"k":[375,812,0],"ix":1,"l":2},"s":{"a":0,"k":[100,100,100],"ix":6,"l":2}},"ao":0,"ip":144,"op":145,"st":144,"bm":0},{"ddd":0,"ind":128,"ty":2,"nm":"社区红包++_烟雾_00145.png","cl":"png","refId":"image_127","sr":1,"ks":{"o":{"a":0,"k":100,"ix":11},"r":{"a":0,"k":0,"ix":10},"p":{"a":0,"k":[375,812,0],"ix":2,"l":2},"a":{"a":0,"k":[375,812,0],"ix":1,"l":2},"s":{"a":0,"k":[100,100,100],"ix":6,"l":2}},"ao":0,"ip":145,"op":146,"st":145,"bm":0}]},{"id":"comp_1","nm":"红包掉落","fr":30,"layers":[{"ddd":0,"ind":1,"ty":3,"nm":"Null 14","sr":1,"ks":{"o":{"a":0,"k":0,"ix":11},"r":{"a":0,"k":0,"ix":10},"p":{"s":true,"x":{"a":1,"k":[{"i":{"x":[0.667],"y":[1]},"o":{"x":[0.333],"y":[0]},"t":10,"s":[338.675]},{"t":20,"s":[338.675]}],"ix":3},"y":{"a":1,"k":[{"i":{"x":[0.667],"y":[1]},"o":{"x":[0.684],"y":[0.397]},"t":10,"s":[-484.363]},{"t":20,"s":[513.817]}],"ix":4}},"a":{"a":0,"k":[0,0,0],"ix":1,"l":2},"s":{"a":0,"k":[100,100,100],"ix":6,"l":2}},"ao":0,"ip":0,"op":651,"st":0,"bm":0},{"ddd":0,"ind":2,"ty":2,"nm":"红包.png","cl":"png","parent":1,"refId":"image_129","sr":1,"ks":{"o":{"a":0,"k":100,"ix":11},"r":{"a":0,"k":0,"ix":10},"p":{"a":0,"k":[-9.455,-10.581,0],"ix":2,"l":2},"a":{"a":0,"k":[453,182,0],"ix":1,"l":2},"s":{"a":0,"k":[50,50,100],"ix":6,"l":2}},"ao":0,"ip":0,"op":224,"st":0,"bm":0}]},{"id":"comp_2","nm":"飞入 顶前_00000","fr":30,"layers":[{"ddd":0,"ind":1,"ty":2,"nm":"飞入 顶前_00000.png","cl":"png","refId":"image_130","sr":1,"ks":{"o":{"a":0,"k":100,"ix":11},"r":{"a":0,"k":0,"ix":10},"p":{"a":0,"k":[187.5,406,0],"ix":2,"l":2},"a":{"a":0,"k":[187.5,406,0],"ix":1,"l":2},"s":{"a":0,"k":[100,100,100],"ix":6,"l":2}},"ao":0,"ip":0,"op":1,"st":0,"bm":0},{"ddd":0,"ind":2,"ty":2,"nm":"飞入 顶前_00001.png","cl":"png","refId":"image_131","sr":1,"ks":{"o":{"a":0,"k":100,"ix":11},"r":{"a":0,"k":0,"ix":10},"p":{"a":0,"k":[187.5,406,0],"ix":2,"l":2},"a":{"a":0,"k":[187.5,406,0],"ix":1,"l":2},"s":{"a":0,"k":[100,100,100],"ix":6,"l":2}},"ao":0,"ip":1,"op":2,"st":1,"bm":0},{"ddd":0,"ind":3,"ty":2,"nm":"飞入 顶前_00002.png","cl":"png","refId":"image_132","sr":1,"ks":{"o":{"a":0,"k":100,"ix":11},"r":{"a":0,"k":0,"ix":10},"p":{"a":0,"k":[187.5,406,0],"ix":2,"l":2},"a":{"a":0,"k":[187.5,406,0],"ix":1,"l":2},"s":{"a":0,"k":[100,100,100],"ix":6,"l":2}},"ao":0,"ip":2,"op":3,"st":2,"bm":0},{"ddd":0,"ind":4,"ty":2,"nm":"飞入 顶前_00003.png","cl":"png","refId":"image_133","sr":1,"ks":{"o":{"a":0,"k":100,"ix":11},"r":{"a":0,"k":0,"ix":10},"p":{"a":0,"k":[187.5,406,0],"ix":2,"l":2},"a":{"a":0,"k":[187.5,406,0],"ix":1,"l":2},"s":{"a":0,"k":[100,100,100],"ix":6,"l":2}},"ao":0,"ip":3,"op":4,"st":3,"bm":0},{"ddd":0,"ind":5,"ty":2,"nm":"飞入 顶前_00004.png","cl":"png","refId":"image_134","sr":1,"ks":{"o":{"a":0,"k":100,"ix":11},"r":{"a":0,"k":0,"ix":10},"p":{"a":0,"k":[187.5,406,0],"ix":2,"l":2},"a":{"a":0,"k":[187.5,406,0],"ix":1,"l":2},"s":{"a":0,"k":[100,100,100],"ix":6,"l":2}},"ao":0,"ip":4,"op":5,"st":4,"bm":0},{"ddd":0,"ind":6,"ty":2,"nm":"飞入 顶前_00005.png","cl":"png","refId":"image_135","sr":1,"ks":{"o":{"a":0,"k":100,"ix":11},"r":{"a":0,"k":0,"ix":10},"p":{"a":0,"k":[187.5,406,0],"ix":2,"l":2},"a":{"a":0,"k":[187.5,406,0],"ix":1,"l":2},"s":{"a":0,"k":[100,100,100],"ix":6,"l":2}},"ao":0,"ip":5,"op":6,"st":5,"bm":0},{"ddd":0,"ind":7,"ty":2,"nm":"飞入 顶前_00006.png","cl":"png","refId":"image_136","sr":1,"ks":{"o":{"a":0,"k":100,"ix":11},"r":{"a":0,"k":0,"ix":10},"p":{"a":0,"k":[187.5,406,0],"ix":2,"l":2},"a":{"a":0,"k":[187.5,406,0],"ix":1,"l":2},"s":{"a":0,"k":[100,100,100],"ix":6,"l":2}},"ao":0,"ip":6,"op":7,"st":6,"bm":0},{"ddd":0,"ind":8,"ty":2,"nm":"飞入 顶前_00007.png","cl":"png","refId":"image_137","sr":1,"ks":{"o":{"a":0,"k":100,"ix":11},"r":{"a":0,"k":0,"ix":10},"p":{"a":0,"k":[187.5,406,0],"ix":2,"l":2},"a":{"a":0,"k":[187.5,406,0],"ix":1,"l":2},"s":{"a":0,"k":[100,100,100],"ix":6,"l":2}},"ao":0,"ip":7,"op":8,"st":7,"bm":0},{"ddd":0,"ind":9,"ty":2,"nm":"飞入 顶前_00008.png","cl":"png","refId":"image_138","sr":1,"ks":{"o":{"a":0,"k":100,"ix":11},"r":{"a":0,"k":0,"ix":10},"p":{"a":0,"k":[187.5,406,0],"ix":2,"l":2},"a":{"a":0,"k":[187.5,406,0],"ix":1,"l":2},"s":{"a":0,"k":[100,100,100],"ix":6,"l":2}},"ao":0,"ip":8,"op":9,"st":8,"bm":0},{"ddd":0,"ind":10,"ty":2,"nm":"飞入 顶前_00009.png","cl":"png","refId":"image_139","sr":1,"ks":{"o":{"a":0,"k":100,"ix":11},"r":{"a":0,"k":0,"ix":10},"p":{"a":0,"k":[187.5,406,0],"ix":2,"l":2},"a":{"a":0,"k":[187.5,406,0],"ix":1,"l":2},"s":{"a":0,"k":[100,100,100],"ix":6,"l":2}},"ao":0,"ip":9,"op":10,"st":9,"bm":0},{"ddd":0,"ind":11,"ty":2,"nm":"飞入 顶前_00010.png","cl":"png","refId":"image_140","sr":1,"ks":{"o":{"a":0,"k":100,"ix":11},"r":{"a":0,"k":0,"ix":10},"p":{"a":0,"k":[187.5,406,0],"ix":2,"l":2},"a":{"a":0,"k":[187.5,406,0],"ix":1,"l":2},"s":{"a":0,"k":[100,100,100],"ix":6,"l":2}},"ao":0,"ip":10,"op":11,"st":10,"bm":0},{"ddd":0,"ind":12,"ty":2,"nm":"飞入 顶前_00011.png","cl":"png","refId":"image_141","sr":1,"ks":{"o":{"a":0,"k":100,"ix":11},"r":{"a":0,"k":0,"ix":10},"p":{"a":0,"k":[187.5,406,0],"ix":2,"l":2},"a":{"a":0,"k":[187.5,406,0],"ix":1,"l":2},"s":{"a":0,"k":[100,100,100],"ix":6,"l":2}},"ao":0,"ip":11,"op":12,"st":11,"bm":0},{"ddd":0,"ind":13,"ty":2,"nm":"飞入 顶前_00012.png","cl":"png","refId":"image_142","sr":1,"ks":{"o":{"a":0,"k":100,"ix":11},"r":{"a":0,"k":0,"ix":10},"p":{"a":0,"k":[187.5,406,0],"ix":2,"l":2},"a":{"a":0,"k":[187.5,406,0],"ix":1,"l":2},"s":{"a":0,"k":[100,100,100],"ix":6,"l":2}},"ao":0,"ip":12,"op":13,"st":12,"bm":0},{"ddd":0,"ind":14,"ty":2,"nm":"飞入 顶前_00013.png","cl":"png","refId":"image_143","sr":1,"ks":{"o":{"a":0,"k":100,"ix":11},"r":{"a":0,"k":0,"ix":10},"p":{"a":0,"k":[187.5,406,0],"ix":2,"l":2},"a":{"a":0,"k":[187.5,406,0],"ix":1,"l":2},"s":{"a":0,"k":[100,100,100],"ix":6,"l":2}},"ao":0,"ip":13,"op":14,"st":13,"bm":0},{"ddd":0,"ind":15,"ty":2,"nm":"飞入 顶前_00014.png","cl":"png","refId":"image_144","sr":1,"ks":{"o":{"a":0,"k":100,"ix":11},"r":{"a":0,"k":0,"ix":10},"p":{"a":0,"k":[187.5,406,0],"ix":2,"l":2},"a":{"a":0,"k":[187.5,406,0],"ix":1,"l":2},"s":{"a":0,"k":[100,100,100],"ix":6,"l":2}},"ao":0,"ip":14,"op":15,"st":14,"bm":0},{"ddd":0,"ind":16,"ty":2,"nm":"飞入 顶前_00015.png","cl":"png","refId":"image_145","sr":1,"ks":{"o":{"a":0,"k":100,"ix":11},"r":{"a":0,"k":0,"ix":10},"p":{"a":0,"k":[187.5,406,0],"ix":2,"l":2},"a":{"a":0,"k":[187.5,406,0],"ix":1,"l":2},"s":{"a":0,"k":[100,100,100],"ix":6,"l":2}},"ao":0,"ip":15,"op":16,"st":15,"bm":0},{"ddd":0,"ind":17,"ty":2,"nm":"飞入 顶前_00016.png","cl":"png","refId":"image_146","sr":1,"ks":{"o":{"a":0,"k":100,"ix":11},"r":{"a":0,"k":0,"ix":10},"p":{"a":0,"k":[187.5,406,0],"ix":2,"l":2},"a":{"a":0,"k":[187.5,406,0],"ix":1,"l":2},"s":{"a":0,"k":[100,100,100],"ix":6,"l":2}},"ao":0,"ip":16,"op":17,"st":16,"bm":0},{"ddd":0,"ind":18,"ty":2,"nm":"飞入 顶前_00017.png","cl":"png","refId":"image_147","sr":1,"ks":{"o":{"a":0,"k":100,"ix":11},"r":{"a":0,"k":0,"ix":10},"p":{"a":0,"k":[187.5,406,0],"ix":2,"l":2},"a":{"a":0,"k":[187.5,406,0],"ix":1,"l":2},"s":{"a":0,"k":[100,100,100],"ix":6,"l":2}},"ao":0,"ip":17,"op":18,"st":17,"bm":0},{"ddd":0,"ind":19,"ty":2,"nm":"飞入 顶前_00018.png","cl":"png","refId":"image_148","sr":1,"ks":{"o":{"a":0,"k":100,"ix":11},"r":{"a":0,"k":0,"ix":10},"p":{"a":0,"k":[187.5,406,0],"ix":2,"l":2},"a":{"a":0,"k":[187.5,406,0],"ix":1,"l":2},"s":{"a":0,"k":[100,100,100],"ix":6,"l":2}},"ao":0,"ip":18,"op":19,"st":18,"bm":0},{"ddd":0,"ind":20,"ty":2,"nm":"飞入 顶前_00019.png","cl":"png","refId":"image_149","sr":1,"ks":{"o":{"a":0,"k":100,"ix":11},"r":{"a":0,"k":0,"ix":10},"p":{"a":0,"k":[187.5,406,0],"ix":2,"l":2},"a":{"a":0,"k":[187.5,406,0],"ix":1,"l":2},"s":{"a":0,"k":[100,100,100],"ix":6,"l":2}},"ao":0,"ip":19,"op":20,"st":19,"bm":0},{"ddd":0,"ind":21,"ty":2,"nm":"飞入 顶前_00020.png","cl":"png","refId":"image_150","sr":1,"ks":{"o":{"a":0,"k":100,"ix":11},"r":{"a":0,"k":0,"ix":10},"p":{"a":0,"k":[187.5,406,0],"ix":2,"l":2},"a":{"a":0,"k":[187.5,406,0],"ix":1,"l":2},"s":{"a":0,"k":[100,100,100],"ix":6,"l":2}},"ao":0,"ip":20,"op":21,"st":20,"bm":0},{"ddd":0,"ind":22,"ty":2,"nm":"飞入 顶前_00021.png","cl":"png","refId":"image_151","sr":1,"ks":{"o":{"a":0,"k":100,"ix":11},"r":{"a":0,"k":0,"ix":10},"p":{"a":0,"k":[187.5,406,0],"ix":2,"l":2},"a":{"a":0,"k":[187.5,406,0],"ix":1,"l":2},"s":{"a":0,"k":[100,100,100],"ix":6,"l":2}},"ao":0,"ip":21,"op":22,"st":21,"bm":0},{"ddd":0,"ind":23,"ty":2,"nm":"飞入 顶前_00022.png","cl":"png","refId":"image_152","sr":1,"ks":{"o":{"a":0,"k":100,"ix":11},"r":{"a":0,"k":0,"ix":10},"p":{"a":0,"k":[187.5,406,0],"ix":2,"l":2},"a":{"a":0,"k":[187.5,406,0],"ix":1,"l":2},"s":{"a":0,"k":[100,100,100],"ix":6,"l":2}},"ao":0,"ip":22,"op":23,"st":22,"bm":0},{"ddd":0,"ind":24,"ty":2,"nm":"飞入 顶前_00023.png","cl":"png","refId":"image_153","sr":1,"ks":{"o":{"a":0,"k":100,"ix":11},"r":{"a":0,"k":0,"ix":10},"p":{"a":0,"k":[187.5,406,0],"ix":2,"l":2},"a":{"a":0,"k":[187.5,406,0],"ix":1,"l":2},"s":{"a":0,"k":[100,100,100],"ix":6,"l":2}},"ao":0,"ip":23,"op":24,"st":23,"bm":0},{"ddd":0,"ind":25,"ty":2,"nm":"飞入 顶前_00024.png","cl":"png","refId":"image_154","sr":1,"ks":{"o":{"a":0,"k":100,"ix":11},"r":{"a":0,"k":0,"ix":10},"p":{"a":0,"k":[187.5,406,0],"ix":2,"l":2},"a":{"a":0,"k":[187.5,406,0],"ix":1,"l":2},"s":{"a":0,"k":[100,100,100],"ix":6,"l":2}},"ao":0,"ip":24,"op":25,"st":24,"bm":0},{"ddd":0,"ind":26,"ty":2,"nm":"飞入 顶前_00025.png","cl":"png","refId":"image_155","sr":1,"ks":{"o":{"a":0,"k":100,"ix":11},"r":{"a":0,"k":0,"ix":10},"p":{"a":0,"k":[187.5,406,0],"ix":2,"l":2},"a":{"a":0,"k":[187.5,406,0],"ix":1,"l":2},"s":{"a":0,"k":[100,100,100],"ix":6,"l":2}},"ao":0,"ip":25,"op":26,"st":25,"bm":0},{"ddd":0,"ind":27,"ty":2,"nm":"飞入 顶前_00026.png","cl":"png","refId":"image_156","sr":1,"ks":{"o":{"a":0,"k":100,"ix":11},"r":{"a":0,"k":0,"ix":10},"p":{"a":0,"k":[187.5,406,0],"ix":2,"l":2},"a":{"a":0,"k":[187.5,406,0],"ix":1,"l":2},"s":{"a":0,"k":[100,100,100],"ix":6,"l":2}},"ao":0,"ip":26,"op":27,"st":26,"bm":0},{"ddd":0,"ind":28,"ty":2,"nm":"飞入 顶前_00027.png","cl":"png","refId":"image_157","sr":1,"ks":{"o":{"a":0,"k":100,"ix":11},"r":{"a":0,"k":0,"ix":10},"p":{"a":0,"k":[187.5,406,0],"ix":2,"l":2},"a":{"a":0,"k":[187.5,406,0],"ix":1,"l":2},"s":{"a":0,"k":[100,100,100],"ix":6,"l":2}},"ao":0,"ip":27,"op":28,"st":27,"bm":0},{"ddd":0,"ind":29,"ty":2,"nm":"飞入 顶前_00028.png","cl":"png","refId":"image_158","sr":1,"ks":{"o":{"a":0,"k":100,"ix":11},"r":{"a":0,"k":0,"ix":10},"p":{"a":0,"k":[187.5,406,0],"ix":2,"l":2},"a":{"a":0,"k":[187.5,406,0],"ix":1,"l":2},"s":{"a":0,"k":[100,100,100],"ix":6,"l":2}},"ao":0,"ip":28,"op":29,"st":28,"bm":0},{"ddd":0,"ind":30,"ty":2,"nm":"飞入 顶前_00029.png","cl":"png","refId":"image_159","sr":1,"ks":{"o":{"a":0,"k":100,"ix":11},"r":{"a":0,"k":0,"ix":10},"p":{"a":0,"k":[187.5,406,0],"ix":2,"l":2},"a":{"a":0,"k":[187.5,406,0],"ix":1,"l":2},"s":{"a":0,"k":[100,100,100],"ix":6,"l":2}},"ao":0,"ip":29,"op":30,"st":29,"bm":0},{"ddd":0,"ind":31,"ty":2,"nm":"飞入 顶前_00030.png","cl":"png","refId":"image_160","sr":1,"ks":{"o":{"a":0,"k":100,"ix":11},"r":{"a":0,"k":0,"ix":10},"p":{"a":0,"k":[187.5,406,0],"ix":2,"l":2},"a":{"a":0,"k":[187.5,406,0],"ix":1,"l":2},"s":{"a":0,"k":[100,100,100],"ix":6,"l":2}},"ao":0,"ip":30,"op":31,"st":30,"bm":0},{"ddd":0,"ind":32,"ty":2,"nm":"飞入 顶前_00031.png","cl":"png","refId":"image_161","sr":1,"ks":{"o":{"a":0,"k":100,"ix":11},"r":{"a":0,"k":0,"ix":10},"p":{"a":0,"k":[187.5,406,0],"ix":2,"l":2},"a":{"a":0,"k":[187.5,406,0],"ix":1,"l":2},"s":{"a":0,"k":[100,100,100],"ix":6,"l":2}},"ao":0,"ip":31,"op":32,"st":31,"bm":0},{"ddd":0,"ind":33,"ty":2,"nm":"飞入 顶前_00032.png","cl":"png","refId":"image_162","sr":1,"ks":{"o":{"a":0,"k":100,"ix":11},"r":{"a":0,"k":0,"ix":10},"p":{"a":0,"k":[187.5,406,0],"ix":2,"l":2},"a":{"a":0,"k":[187.5,406,0],"ix":1,"l":2},"s":{"a":0,"k":[100,100,100],"ix":6,"l":2}},"ao":0,"ip":32,"op":33,"st":32,"bm":0},{"ddd":0,"ind":34,"ty":2,"nm":"飞入 顶前_00033.png","cl":"png","refId":"image_163","sr":1,"ks":{"o":{"a":0,"k":100,"ix":11},"r":{"a":0,"k":0,"ix":10},"p":{"a":0,"k":[187.5,406,0],"ix":2,"l":2},"a":{"a":0,"k":[187.5,406,0],"ix":1,"l":2},"s":{"a":0,"k":[100,100,100],"ix":6,"l":2}},"ao":0,"ip":33,"op":34,"st":33,"bm":0},{"ddd":0,"ind":35,"ty":2,"nm":"飞入 顶前_00034.png","cl":"png","refId":"image_164","sr":1,"ks":{"o":{"a":0,"k":100,"ix":11},"r":{"a":0,"k":0,"ix":10},"p":{"a":0,"k":[187.5,406,0],"ix":2,"l":2},"a":{"a":0,"k":[187.5,406,0],"ix":1,"l":2},"s":{"a":0,"k":[100,100,100],"ix":6,"l":2}},"ao":0,"ip":34,"op":35,"st":34,"bm":0},{"ddd":0,"ind":36,"ty":2,"nm":"飞入 顶前_00035.png","cl":"png","refId":"image_165","sr":1,"ks":{"o":{"a":0,"k":100,"ix":11},"r":{"a":0,"k":0,"ix":10},"p":{"a":0,"k":[187.5,406,0],"ix":2,"l":2},"a":{"a":0,"k":[187.5,406,0],"ix":1,"l":2},"s":{"a":0,"k":[100,100,100],"ix":6,"l":2}},"ao":0,"ip":35,"op":36,"st":35,"bm":0},{"ddd":0,"ind":37,"ty":2,"nm":"飞入 顶前_00036.png","cl":"png","refId":"image_166","sr":1,"ks":{"o":{"a":0,"k":100,"ix":11},"r":{"a":0,"k":0,"ix":10},"p":{"a":0,"k":[187.5,406,0],"ix":2,"l":2},"a":{"a":0,"k":[187.5,406,0],"ix":1,"l":2},"s":{"a":0,"k":[100,100,100],"ix":6,"l":2}},"ao":0,"ip":36,"op":37,"st":36,"bm":0},{"ddd":0,"ind":38,"ty":2,"nm":"飞入 顶前_00037.png","cl":"png","refId":"image_167","sr":1,"ks":{"o":{"a":0,"k":100,"ix":11},"r":{"a":0,"k":0,"ix":10},"p":{"a":0,"k":[187.5,406,0],"ix":2,"l":2},"a":{"a":0,"k":[187.5,406,0],"ix":1,"l":2},"s":{"a":0,"k":[100,100,100],"ix":6,"l":2}},"ao":0,"ip":37,"op":38,"st":37,"bm":0},{"ddd":0,"ind":39,"ty":2,"nm":"飞入 顶前_00038.png","cl":"png","refId":"image_168","sr":1,"ks":{"o":{"a":0,"k":100,"ix":11},"r":{"a":0,"k":0,"ix":10},"p":{"a":0,"k":[187.5,406,0],"ix":2,"l":2},"a":{"a":0,"k":[187.5,406,0],"ix":1,"l":2},"s":{"a":0,"k":[100,100,100],"ix":6,"l":2}},"ao":0,"ip":38,"op":39,"st":38,"bm":0},{"ddd":0,"ind":40,"ty":2,"nm":"飞入 顶前_00039.png","cl":"png","refId":"image_169","sr":1,"ks":{"o":{"a":0,"k":100,"ix":11},"r":{"a":0,"k":0,"ix":10},"p":{"a":0,"k":[187.5,406,0],"ix":2,"l":2},"a":{"a":0,"k":[187.5,406,0],"ix":1,"l":2},"s":{"a":0,"k":[100,100,100],"ix":6,"l":2}},"ao":0,"ip":39,"op":40,"st":39,"bm":0},{"ddd":0,"ind":41,"ty":2,"nm":"飞入 顶前_00040.png","cl":"png","refId":"image_170","sr":1,"ks":{"o":{"a":0,"k":100,"ix":11},"r":{"a":0,"k":0,"ix":10},"p":{"a":0,"k":[187.5,406,0],"ix":2,"l":2},"a":{"a":0,"k":[187.5,406,0],"ix":1,"l":2},"s":{"a":0,"k":[100,100,100],"ix":6,"l":2}},"ao":0,"ip":40,"op":41,"st":40,"bm":0},{"ddd":0,"ind":42,"ty":2,"nm":"飞入 顶前_00041.png","cl":"png","refId":"image_171","sr":1,"ks":{"o":{"a":0,"k":100,"ix":11},"r":{"a":0,"k":0,"ix":10},"p":{"a":0,"k":[187.5,406,0],"ix":2,"l":2},"a":{"a":0,"k":[187.5,406,0],"ix":1,"l":2},"s":{"a":0,"k":[100,100,100],"ix":6,"l":2}},"ao":0,"ip":41,"op":42,"st":41,"bm":0},{"ddd":0,"ind":43,"ty":2,"nm":"飞入 顶前_00042.png","cl":"png","refId":"image_172","sr":1,"ks":{"o":{"a":0,"k":100,"ix":11},"r":{"a":0,"k":0,"ix":10},"p":{"a":0,"k":[187.5,406,0],"ix":2,"l":2},"a":{"a":0,"k":[187.5,406,0],"ix":1,"l":2},"s":{"a":0,"k":[100,100,100],"ix":6,"l":2}},"ao":0,"ip":42,"op":43,"st":42,"bm":0},{"ddd":0,"ind":44,"ty":2,"nm":"飞入 顶前_00043.png","cl":"png","refId":"image_173","sr":1,"ks":{"o":{"a":0,"k":100,"ix":11},"r":{"a":0,"k":0,"ix":10},"p":{"a":0,"k":[187.5,406,0],"ix":2,"l":2},"a":{"a":0,"k":[187.5,406,0],"ix":1,"l":2},"s":{"a":0,"k":[100,100,100],"ix":6,"l":2}},"ao":0,"ip":43,"op":44,"st":43,"bm":0},{"ddd":0,"ind":45,"ty":2,"nm":"飞入 顶前_00044.png","cl":"png","refId":"image_174","sr":1,"ks":{"o":{"a":0,"k":100,"ix":11},"r":{"a":0,"k":0,"ix":10},"p":{"a":0,"k":[187.5,406,0],"ix":2,"l":2},"a":{"a":0,"k":[187.5,406,0],"ix":1,"l":2},"s":{"a":0,"k":[100,100,100],"ix":6,"l":2}},"ao":0,"ip":44,"op":45,"st":44,"bm":0},{"ddd":0,"ind":46,"ty":2,"nm":"飞入 顶前_00045.png","cl":"png","refId":"image_175","sr":1,"ks":{"o":{"a":0,"k":100,"ix":11},"r":{"a":0,"k":0,"ix":10},"p":{"a":0,"k":[187.5,406,0],"ix":2,"l":2},"a":{"a":0,"k":[187.5,406,0],"ix":1,"l":2},"s":{"a":0,"k":[100,100,100],"ix":6,"l":2}},"ao":0,"ip":45,"op":46,"st":45,"bm":0},{"ddd":0,"ind":47,"ty":2,"nm":"飞入 顶前_00046.png","cl":"png","refId":"image_176","sr":1,"ks":{"o":{"a":0,"k":100,"ix":11},"r":{"a":0,"k":0,"ix":10},"p":{"a":0,"k":[187.5,406,0],"ix":2,"l":2},"a":{"a":0,"k":[187.5,406,0],"ix":1,"l":2},"s":{"a":0,"k":[100,100,100],"ix":6,"l":2}},"ao":0,"ip":46,"op":47,"st":46,"bm":0},{"ddd":0,"ind":48,"ty":2,"nm":"飞入 顶前_00047.png","cl":"png","refId":"image_177","sr":1,"ks":{"o":{"a":0,"k":100,"ix":11},"r":{"a":0,"k":0,"ix":10},"p":{"a":0,"k":[187.5,406,0],"ix":2,"l":2},"a":{"a":0,"k":[187.5,406,0],"ix":1,"l":2},"s":{"a":0,"k":[100,100,100],"ix":6,"l":2}},"ao":0,"ip":47,"op":48,"st":47,"bm":0},{"ddd":0,"ind":49,"ty":2,"nm":"飞入 顶前_00048.png","cl":"png","refId":"image_178","sr":1,"ks":{"o":{"a":0,"k":100,"ix":11},"r":{"a":0,"k":0,"ix":10},"p":{"a":0,"k":[187.5,406,0],"ix":2,"l":2},"a":{"a":0,"k":[187.5,406,0],"ix":1,"l":2},"s":{"a":0,"k":[100,100,100],"ix":6,"l":2}},"ao":0,"ip":48,"op":49,"st":48,"bm":0},{"ddd":0,"ind":50,"ty":2,"nm":"飞入 顶前_00049.png","cl":"png","refId":"image_179","sr":1,"ks":{"o":{"a":0,"k":100,"ix":11},"r":{"a":0,"k":0,"ix":10},"p":{"a":0,"k":[187.5,406,0],"ix":2,"l":2},"a":{"a":0,"k":[187.5,406,0],"ix":1,"l":2},"s":{"a":0,"k":[100,100,100],"ix":6,"l":2}},"ao":0,"ip":49,"op":50,"st":49,"bm":0},{"ddd":0,"ind":51,"ty":2,"nm":"飞入 顶前_00050.png","cl":"png","refId":"image_180","sr":1,"ks":{"o":{"a":0,"k":100,"ix":11},"r":{"a":0,"k":0,"ix":10},"p":{"a":0,"k":[187.5,406,0],"ix":2,"l":2},"a":{"a":0,"k":[187.5,406,0],"ix":1,"l":2},"s":{"a":0,"k":[100,100,100],"ix":6,"l":2}},"ao":0,"ip":50,"op":51,"st":50,"bm":0},{"ddd":0,"ind":52,"ty":2,"nm":"飞入 顶前_00051.png","cl":"png","refId":"image_181","sr":1,"ks":{"o":{"a":0,"k":100,"ix":11},"r":{"a":0,"k":0,"ix":10},"p":{"a":0,"k":[187.5,406,0],"ix":2,"l":2},"a":{"a":0,"k":[187.5,406,0],"ix":1,"l":2},"s":{"a":0,"k":[100,100,100],"ix":6,"l":2}},"ao":0,"ip":51,"op":52,"st":51,"bm":0},{"ddd":0,"ind":53,"ty":2,"nm":"飞入 顶前_00052.png","cl":"png","refId":"image_182","sr":1,"ks":{"o":{"a":0,"k":100,"ix":11},"r":{"a":0,"k":0,"ix":10},"p":{"a":0,"k":[187.5,406,0],"ix":2,"l":2},"a":{"a":0,"k":[187.5,406,0],"ix":1,"l":2},"s":{"a":0,"k":[100,100,100],"ix":6,"l":2}},"ao":0,"ip":52,"op":53,"st":52,"bm":0},{"ddd":0,"ind":54,"ty":2,"nm":"飞入 顶前_00053.png","cl":"png","refId":"image_183","sr":1,"ks":{"o":{"a":0,"k":100,"ix":11},"r":{"a":0,"k":0,"ix":10},"p":{"a":0,"k":[187.5,406,0],"ix":2,"l":2},"a":{"a":0,"k":[187.5,406,0],"ix":1,"l":2},"s":{"a":0,"k":[100,100,100],"ix":6,"l":2}},"ao":0,"ip":53,"op":54,"st":53,"bm":0},{"ddd":0,"ind":55,"ty":2,"nm":"飞入 顶前_00054.png","cl":"png","refId":"image_184","sr":1,"ks":{"o":{"a":0,"k":100,"ix":11},"r":{"a":0,"k":0,"ix":10},"p":{"a":0,"k":[187.5,406,0],"ix":2,"l":2},"a":{"a":0,"k":[187.5,406,0],"ix":1,"l":2},"s":{"a":0,"k":[100,100,100],"ix":6,"l":2}},"ao":0,"ip":54,"op":55,"st":54,"bm":0},{"ddd":0,"ind":56,"ty":2,"nm":"飞入 顶前_00055.png","cl":"png","refId":"image_185","sr":1,"ks":{"o":{"a":0,"k":100,"ix":11},"r":{"a":0,"k":0,"ix":10},"p":{"a":0,"k":[187.5,406,0],"ix":2,"l":2},"a":{"a":0,"k":[187.5,406,0],"ix":1,"l":2},"s":{"a":0,"k":[100,100,100],"ix":6,"l":2}},"ao":0,"ip":55,"op":56,"st":55,"bm":0},{"ddd":0,"ind":57,"ty":2,"nm":"飞入 顶前_00056.png","cl":"png","refId":"image_186","sr":1,"ks":{"o":{"a":0,"k":100,"ix":11},"r":{"a":0,"k":0,"ix":10},"p":{"a":0,"k":[187.5,406,0],"ix":2,"l":2},"a":{"a":0,"k":[187.5,406,0],"ix":1,"l":2},"s":{"a":0,"k":[100,100,100],"ix":6,"l":2}},"ao":0,"ip":56,"op":57,"st":56,"bm":0},{"ddd":0,"ind":58,"ty":2,"nm":"飞入 顶前_00057.png","cl":"png","refId":"image_187","sr":1,"ks":{"o":{"a":0,"k":100,"ix":11},"r":{"a":0,"k":0,"ix":10},"p":{"a":0,"k":[187.5,406,0],"ix":2,"l":2},"a":{"a":0,"k":[187.5,406,0],"ix":1,"l":2},"s":{"a":0,"k":[100,100,100],"ix":6,"l":2}},"ao":0,"ip":57,"op":58,"st":57,"bm":0},{"ddd":0,"ind":59,"ty":2,"nm":"飞入 顶前_00058.png","cl":"png","refId":"image_188","sr":1,"ks":{"o":{"a":0,"k":100,"ix":11},"r":{"a":0,"k":0,"ix":10},"p":{"a":0,"k":[187.5,406,0],"ix":2,"l":2},"a":{"a":0,"k":[187.5,406,0],"ix":1,"l":2},"s":{"a":0,"k":[100,100,100],"ix":6,"l":2}},"ao":0,"ip":58,"op":59,"st":58,"bm":0},{"ddd":0,"ind":60,"ty":2,"nm":"飞入 顶前_00059.png","cl":"png","refId":"image_189","sr":1,"ks":{"o":{"a":0,"k":100,"ix":11},"r":{"a":0,"k":0,"ix":10},"p":{"a":0,"k":[187.5,406,0],"ix":2,"l":2},"a":{"a":0,"k":[187.5,406,0],"ix":1,"l":2},"s":{"a":0,"k":[100,100,100],"ix":6,"l":2}},"ao":0,"ip":59,"op":60,"st":59,"bm":0}]}],"layers":[{"ddd":0,"ind":1,"ty":0,"nm":"社区红包++_烟雾_00000","parent":7,"refId":"comp_0","sr":1,"ks":{"o":{"a":0,"k":80,"ix":11},"r":{"a":0,"k":0,"ix":10},"p":{"a":0,"k":[0,0.827,0],"ix":2,"l":2},"a":{"a":0,"k":[375,812,0],"ix":1,"l":2},"s":{"a":0,"k":[100,100,100],"ix":6,"l":2}},"ao":0,"w":750,"h":1624,"ip":8,"op":136,"st":-10,"bm":0},{"ddd":0,"ind":2,"ty":2,"nm":"社区红包++_00122.png","cl":"png","parent":8,"refId":"image_128","sr":1,"ks":{"o":{"a":1,"k":[{"i":{"x":[0.667],"y":[1]},"o":{"x":[0.333],"y":[0]},"t":35,"s":[0]},{"i":{"x":[0.667],"y":[1]},"o":{"x":[0.333],"y":[0]},"t":43,"s":[100]},{"i":{"x":[0.667],"y":[1]},"o":{"x":[0.333],"y":[0]},"t":60,"s":[100]},{"t":90,"s":[0]}],"ix":11},"r":{"a":0,"k":0,"ix":10},"p":{"a":0,"k":[50.609,-22.093,0],"ix":2,"l":2},"a":{"a":0,"k":[375,812,0],"ix":1,"l":2},"s":{"a":0,"k":[86,86,100],"ix":6,"l":2}},"ao":0,"ip":35,"op":211,"st":-10,"bm":0},{"ddd":0,"ind":3,"ty":0,"nm":"红包掉落","parent":8,"refId":"comp_1","sr":1,"ks":{"o":{"a":0,"k":100,"ix":11},"r":{"a":0,"k":0,"ix":10},"p":{"a":0,"k":[47.889,250.024,0],"ix":2,"l":2},"a":{"a":0,"k":[375,812,0],"ix":1,"l":2},"s":{"a":0,"k":[85.067,85.067,100],"ix":6,"l":2}},"ao":0,"w":750,"h":1624,"ip":35,"op":214,"st":-10,"bm":0},{"ddd":0,"ind":4,"ty":0,"nm":"飞入 顶前_00000","refId":"comp_2","sr":1,"ks":{"o":{"a":0,"k":100,"ix":11},"r":{"a":0,"k":0,"ix":10},"p":{"a":0,"k":[375,812,0],"ix":2,"l":2},"a":{"a":0,"k":[187.5,406,0],"ix":1,"l":2},"s":{"a":0,"k":[200,200,100],"ix":6,"l":2}},"ao":0,"w":375,"h":812,"ip":11,"op":71,"st":11,"bm":0},{"ddd":0,"ind":5,"ty":4,"nm":"Shape Layer 1","td":1,"sr":1,"ks":{"o":{"a":0,"k":100,"ix":11},"r":{"a":0,"k":0,"ix":10},"p":{"a":0,"k":[375,814.104,0],"ix":2,"l":2},"a":{"a":0,"k":[0,0,0],"ix":1,"l":2},"s":{"a":0,"k":[100,100,100],"ix":6,"l":2}},"ao":0,"shapes":[{"ty":"gr","it":[{"ty":"rc","d":1,"s":{"a":0,"k":[846.222,388.444],"ix":2},"p":{"a":0,"k":[0,0],"ix":3},"r":{"a":0,"k":0,"ix":4},"nm":"Rectangle Path 1","mn":"ADBE Vector Shape - Rect","hd":false},{"ty":"fl","c":{"a":0,"k":[0.745097979377,0,1,1],"ix":4},"o":{"a":0,"k":100,"ix":5},"r":1,"bm":0,"nm":"Fill 1","mn":"ADBE Vector Graphic - Fill","hd":false},{"ty":"tr","p":{"a":0,"k":[12.006,-323.222],"ix":2},"a":{"a":0,"k":[0,0],"ix":1},"s":{"a":0,"k":[100,100.607],"ix":3},"r":{"a":0,"k":0,"ix":6},"o":{"a":0,"k":100,"ix":7},"sk":{"a":0,"k":0,"ix":4},"sa":{"a":0,"k":0,"ix":5},"nm":"Transform"}],"nm":"Rectangle 1","np":3,"cix":2,"bm":0,"ix":1,"mn":"ADBE Vector Group","hd":false}],"ip":0,"op":35,"st":-10,"ct":1,"bm":0},{"ddd":0,"ind":6,"ty":0,"nm":"红包掉落","tt":1,"tp":5,"refId":"comp_1","sr":1,"ks":{"o":{"a":0,"k":100,"ix":11},"r":{"a":0,"k":0,"ix":10},"p":{"a":0,"k":[375,814.104,0],"ix":2,"l":2},"a":{"a":0,"k":[375,812,0],"ix":1,"l":2},"s":{"a":0,"k":[100,100,100],"ix":6,"l":2}},"ao":0,"w":750,"h":1624,"ip":0,"op":35,"st":-10,"bm":0},{"ddd":0,"ind":7,"ty":3,"nm":"Null 4","sr":1,"ks":{"o":{"a":0,"k":0,"ix":11},"r":{"a":0,"k":0,"ix":10},"p":{"a":0,"k":[386.062,485.185,0],"ix":2,"l":2},"a":{"a":0,"k":[0,0,0],"ix":1,"l":2},"s":{"a":0,"k":[120,120,100],"ix":6,"l":2}},"ao":0,"ip":0,"op":211,"st":-10,"bm":0},{"ddd":0,"ind":8,"ty":3,"nm":"Null 12","parent":7,"sr":1,"ks":{"o":{"a":0,"k":0,"ix":11},"r":{"a":0,"k":0,"ix":10},"p":{"a":0,"k":[-56.494,23.655,0],"ix":2,"l":2},"a":{"a":0,"k":[0,0,0],"ix":1,"l":2},"s":{"a":1,"k":[{"i":{"x":[0.833,0.833,0.833],"y":[0.833,0.833,1]},"o":{"x":[0.167,0.167,0.167],"y":[0.167,0.167,0]},"t":35,"s":[100,100,100]},{"i":{"x":[0.833,0.833,0.833],"y":[0.833,0.833,1]},"o":{"x":[0.167,0.167,0.167],"y":[0.167,0.167,0]},"t":37.077,"s":[110,110,100]},{"i":{"x":[0.833,0.833,0.833],"y":[0.833,0.833,1]},"o":{"x":[0.167,0.167,0.167],"y":[0.167,0.167,0]},"t":39.154,"s":[90,90,100]},{"i":{"x":[0.833,0.833,0.833],"y":[0.833,0.833,1]},"o":{"x":[0.167,0.167,0.167],"y":[0.167,0.167,0]},"t":41.23,"s":[115,115,100]},{"i":{"x":[0.833,0.833,0.833],"y":[0.833,0.833,1]},"o":{"x":[0.167,0.167,0.167],"y":[0.167,0.167,0]},"t":43.308,"s":[95,95,100]},{"i":{"x":[0.833,0.833,0.833],"y":[0.833,0.833,1]},"o":{"x":[0.167,0.167,0.167],"y":[0.167,0.167,0]},"t":45.385,"s":[110,110,100]},{"i":{"x":[0.833,0.833,0.833],"y":[0.833,0.833,1]},"o":{"x":[0.167,0.167,0.167],"y":[0.167,0.167,0]},"t":47.462,"s":[90,90,100]},{"i":{"x":[0.833,0.833,0.833],"y":[0.833,0.833,1]},"o":{"x":[0.167,0.167,0.167],"y":[0.167,0.167,0]},"t":49.538,"s":[110,110,100]},{"i":{"x":[0.833,0.833,0.833],"y":[0.833,0.833,1]},"o":{"x":[0.167,0.167,0.167],"y":[0.167,0.167,0]},"t":51.615,"s":[95,95,100]},{"i":{"x":[0.833,0.833,0.833],"y":[0.833,0.833,1]},"o":{"x":[0.167,0.167,0.167],"y":[0.167,0.167,0]},"t":53.692,"s":[108,108,100]},{"i":{"x":[0.833,0.833,0.833],"y":[0.833,0.833,1]},"o":{"x":[0.167,0.167,0.167],"y":[0.167,0.167,0]},"t":55.77,"s":[96,96,100]},{"i":{"x":[0.833,0.833,0.833],"y":[0.833,0.833,1]},"o":{"x":[0.167,0.167,0.167],"y":[0.167,0.167,0]},"t":57.846,"s":[106,106,100]},{"i":{"x":[0.833,0.833,0.833],"y":[0.833,0.833,1]},"o":{"x":[0.167,0.167,0.167],"y":[0.167,0.167,0]},"t":59.923,"s":[94,94,100]},{"i":{"x":[0.833,0.833,0.833],"y":[1,1,1]},"o":{"x":[0.167,0.167,0.167],"y":[0,0,0]},"t":62,"s":[100,100,100]},{"i":{"x":[0.667,0.667,0.667],"y":[1,1,1]},"o":{"x":[0.167,0.167,0.167],"y":[0.167,0.167,0]},"t":152,"s":[100,100,100]},{"i":{"x":[0.26,0.26,0.667],"y":[0.655,0.655,1]},"o":{"x":[0.442,0.442,0.333],"y":[0.307,0.307,0]},"t":157,"s":[70,70,100]},{"i":{"x":[0.833,0.833,0.833],"y":[1,1,1]},"o":{"x":[0.333,0.333,0.333],"y":[0,0,0]},"t":161,"s":[120,120,100]},{"i":{"x":[0.833,0.833,0.833],"y":[0.833,0.833,1]},"o":{"x":[0.167,0.167,0.167],"y":[0.167,0.167,0]},"t":174,"s":[120,120,100]},{"t":179,"s":[100,100,100]}],"ix":6,"l":2}},"ao":0,"ip":35,"op":211,"st":-5,"bm":0}],"markers":[],"props":{}}