{	"theme": {		"version": 1,		"themeName": "theme",		"duration": 11000,		"width": 720,		"height": 1280,		"imageAspectRation": "9x16",		"type": "picture"	},	"foregrounds": [		{			"type": "video",			"name": "resource.mp4",			"width": 1440,			"height": 1280,			"premultiply": true,			"visibleTime": [				0,				11000			]		}	],	"clips": [		{			"type": "image",			"repeat": 1,			"sequenceInOut": [				0,				3000			],			"duration": [				0,				3000			],			"volume": 0,			"filters": [				{					"name": "fx_v_crop",					"visibleTime": [						0,						3000					],					"params": [						{							"name": "crop_num",							"type": 2,							"value": 3						},						{							"name": "crop_den",							"type": 2,							"value": 4						}					]				},				{					"name": "fx_v_transform2d",					"visibleTime": [						1000,						3000					],					"params": [						{							"name": "translation_x",							"type": 2,							"value": 0,							"keyFrameList": [								0.02777777777778,								0.02670533617515,								0.02561971210999,								0.02453187614305,								0.02344553179248,								0.02236118643835,								0.02127759051116,								0.0201930605719,								0.01910862202846,								0.0180249909234,								0.01694226149091,								0.01586006454364,								0.0147776738552,								0.01369411236115,								0.01260919753579,								0.01152360785307,								0.01043788144119,								0.00935240190401,								0.00826742443315,								0.00718309798517,								0.0060994843035,								0.00501657442109,								0.00393430316855,								0.00285256212881,								0.00177121141535,								0.00069009060469,								-0.00039097087971,								-0.00147214365549,								-0.00255358827554,								-0.00363544486237,								-0.00471782220743,								-0.0058007860392,								-0.00688434613217,								-0.00796844188257,								-0.00905292591437,								-0.01013754519634,								-0.01122191904216,								-0.01230550118339,								-0.01338792829662,								-0.01446997357473,								-0.01555239278907,								-0.01663565145016,								-0.01771984756478,								-0.01880459970036,								-0.01988888381526,								-0.02097218954809,								-0.02205646996946,								-0.02314282945884,								-0.02423072533853,								-0.02531641582011,								-0.02638888888889							]						},						{							"name": "translation_y",							"type": 2,							"value": 0						},						{							"name": "scale_x",							"type": 2,							"value": 0.8						},						{							"name": "scale_y",							"type": 2,							"value": 0.8						}					]				}			]		},		{			"type": "image",			"repeat": 1,			"sequenceInOut": [				3000,				5000			],			"duration": [				0,				2000			],			"volume": 0,			"filters": [				{					"name": "fx_v_crop",					"visibleTime": [						3000,						5000					],					"params": [						{							"name": "crop_num",							"type": 2,							"value": 3						},						{							"name": "crop_den",							"type": 2,							"value": 4						}					]				},				{					"name": "fx_v_transform2d",					"visibleTime": [						3000,						5000					],					"params": [						{							"name": "translation_x",							"type": 2,							"value": 0,							"keyFrameList": [								0.00277777777778,								0.00228280473041,								0.00178174746957,								0.00127966933098,								0.00077827963072,								0.0002778125442,								-0.00022230865297,								-0.00072286093263,								-0.0012233710296,								-0.00172350846271,								-0.00222322973924,								-0.00272270525336,								-0.00322227018649,								-0.00372237549143,								-0.00422310541083,								-0.00472414680286,								-0.00522525130065,								-0.00572624185627,								-0.00622700068897,								-0.00672745904958,								-0.00722758844112,								-0.00772739300223,								-0.0082269028111,								-0.00872616790636,								-0.00922525285103,								-0.00972423168672,								-0.01022318314106,								-0.01072218596065,								-0.01122131424683,								-0.01172063267152,								-0.01222019144616,								-0.01272002090698,								-0.01322012556527,								-0.01372047745007,								-0.01422100854168,								-0.01472160205643,								-0.01522208229296,								-0.01572219712737,								-0.01622177887194,								-0.01672118438492,								-0.01722076248384,								-0.01772072801973,								-0.01822112622648,								-0.01872178105829,								-0.01922221988055,								-0.01972220714186,								-0.02022264425941,								-0.02072404094682,								-0.02122614673744,								-0.02172723465202,								-0.02222222222222							]						},						{							"name": "translation_y",							"type": 2,							"value": 0						},						{							"name": "scale_x",							"type": 2,							"value": 0.8						},						{							"name": "scale_y",							"type": 2,							"value": 0.8						}					]				}			]		},		{			"type": "image",			"repeat": 1,			"sequenceInOut": [				5000,				7000			],			"duration": [				0,				2000			],			"volume": 0,			"filters": [				{					"name": "fx_v_crop",					"visibleTime": [						5000,						7000					],					"params": [						{							"name": "crop_num",							"type": 2,							"value": 3						},						{							"name": "crop_den",							"type": 2,							"value": 4						}					]				},				{					"name": "fx_v_transform2d",					"visibleTime": [						5000,						7000					],					"params": [						{							"name": "translation_x",							"type": 2,							"value": 0						},						{							"name": "translation_y",							"type": 2,							"value": 0,							"keyFrameList": [								-0.0137500122528,								-0.01320863548224,								-0.01266060410319,								-0.01211145613912,								-0.01156306115445,								-0.01101567527857,								-0.01046866771917,								-0.00992118866329,								-0.00937375574473,								-0.00882673042727,								-0.00828016028106,								-0.00773385893749,								-0.00718745979188,								-0.0066404696146,								-0.00609279626525,								-0.00554478224273,								-0.00499669919827,								-0.00444874077806,								-0.00390103580479,								-0.00335365947287,								-0.00280664295088,								-0.00225998171216,								-0.00171364285872,								-0.00116757166077,								-0.00062169750254,								-0.000075939401,								0.00046978875218,								0.00101557308611,								0.00156149464912,								0.00210762417612,								0.00265401658589,								0.00320070505866,								0.00374769452866,								0.00429495440267,								0.0048424102841,								0.00538993444087,								0.00593733469957,								0.00648433529971,								0.00703075283283,								0.00757697761265,								0.00812339115835,								0.00867022846323,								0.00921753900186,								0.00976513022415,								0.010312485186,								0.01085934625305,								0.01140669935037,								0.01195510197723,								0.01250428018572,								0.01305234509229,								0.0135937377472							]						},						{							"name": "scale_x",							"type": 2,							"value": 0.8						},						{							"name": "scale_y",							"type": 2,							"value": 0.8						}					]				}			]		},		{			"type": "image",			"repeat": 1,			"sequenceInOut": [				7000,				9000			],			"duration": [				0,				2000			],			"volume": 0,			"filters": [				{					"name": "fx_v_crop",					"visibleTime": [						7000,						9000					],					"params": [						{							"name": "crop_num",							"type": 2,							"value": 3						},						{							"name": "crop_den",							"type": 2,							"value": 4						}					]				},				{					"name": "fx_v_transform2d",					"visibleTime": [						7000,						9000					],					"params": [						{							"name": "translation_x",							"type": 2,							"value": 0						},						{							"name": "translation_y",							"type": 2,							"value": 0,							"keyFrameList": [								0.0125,								0.01206688587607,								0.01162843395082,								0.01118909138402,								0.01075036928254,								0.01031248680468,								0.00987499795104,								0.00943711398156,								0.00899904100373,								0.00856119257282,								0.00812372272892,								0.00768659189236,								0.0072496120685,								0.00681247804201,								0.0063748775619,								0.00593695735493,								0.00549893802952,								0.00506097332437,								0.00462316542517,								0.00418557384916,								0.00374822307095,								0.00331110914314,								0.00287420552153,								0.00243746827113,								0.00200084080399,								0.00156425828144,								0.00112765180021,								0.00069095247362,								0.00025409551526,								-0.00018297556749,								-0.00062030455846,								-0.00105791777606,								-0.00149581884159,								-0.00193398282021,								-0.00237234955638,								-0.00281081599194,								-0.00324922720996,								-0.00368736588944,								-0.00412495803126,								-0.00456207734775,								-0.00499911842261,								-0.00543637453958,								-0.00587399479354,								-0.0063119411284,								-0.0067499243731,								-0.00718753042062,								-0.00762543912132,								-0.00806415510905,								-0.00850347348032,								-0.00894189858355,								-0.009375							]						},						{							"name": "scale_x",							"type": 2,							"value": 0.8						},						{							"name": "scale_y",							"type": 2,							"value": 0.8						}					]				}			]		},		{			"type": "image",			"repeat": 1,			"sequenceInOut": [				9000,				11000			],			"duration": [				0,				2000			],			"volume": 0,			"filters": [				{					"name": "fx_v_crop",					"visibleTime": [						9000,						11000					],					"params": [						{							"name": "crop_num",							"type": 2,							"value": 3						},						{							"name": "crop_den",							"type": 2,							"value": 4						}					]				},				{					"name": "fx_v_transform2d",					"visibleTime": [						9000,						11000					],					"params": [						{							"name": "translation_x",							"type": 2,							"value": 0,							"keyFrameList": [								0.03333333333333,								0.03184841419123,								0.0303452424087,								0.02883900799295,								0.02733483889215,								0.02583343763259,								0.02433307404109,								0.02283141720212,								0.0213298869112,								0.01982947461188,								0.01833031078228,								0.01683188423991,								0.01533318944053,								0.0138328735257,								0.0123306837675,								0.01082755959143,								0.00932424609806,								0.00782127443119,								0.00631899793308,								0.00481762285126,								0.00331723467664,								0.0018178209933,								0.00031929156672,								-0.00117850371909,								-0.0026757585531,								-0.00417269506017,								-0.00566954942318,								-0.00716655788196,								-0.00866394274049,								-0.01016189801457,								-0.01166057433849,								-0.01316006272094,								-0.01466037669582,								-0.01616143235022,								-0.01766302562503,								-0.0191648061693,								-0.02066624687888,								-0.02216659138212,								-0.02366533661583,								-0.02516355315476,								-0.02666228745153,								-0.02816218405919,								-0.02966337867945,								-0.03116534317486,								-0.03266665964165,								-0.03416662142557,								-0.03566793277822,								-0.03717212284045,								-0.03867844021232,								-0.04018170395605,								-0.04166666666667							]						},						{							"name": "translation_y",							"type": 2,							"value": 0						},						{							"name": "scale_x",							"type": 2,							"value": 0.8						},						{							"name": "scale_y",							"type": 2,							"value": 0.8						}					]				}			]		}	]}