{
    "theme": {
        "version":1,
        "themeName":"theme_version1",
        "duration":9040,
        "width":720,
        "height":1280,
        "fps":25,
        "imageAspectRation":"9x16"
    },
    "foregrounds":[
        {
            "type":"video",
            "name":"back_resource.mp4",
            "blendMode":27,
            "width": 720,
            "height": 1280,
            "blendMode":28,
            "premultiply":true,
            "visibleTime":[0,9040],
            "filters":[
                {
                    "name":"fx_v_transform_sticker",
                    "visibleTime":[
                        0,
                        9040
                    ],
                    "params":[
                        {
                            "name":"sticker_path",
                            "type":8,
                            "value":"waterColorPortrait.png"
                        },
                        {
                            "name": "translation_y",
                            "type":2,
                            "value":0.12031251
                        }
                    ]
                }
            ]
        },
        {
            "type":"video",
            "name":"front_resource.mp4",
            "width": 1440,
            "height": 1280,
            "premultiply":true,
            "visibleTime":[0,9040]
        }
    ],
    "clips":[
        {
            "repeat":1,
            "type":"image",
            "duration":[0,9040],
            "volume":0.0,
            "sequenceInOut": [
                0,
                9040
            ]
        }
    ]
}

