{
   "theme": {
       "version":1,
       "themeName":"theme",
       "duration":13000,
       "width":720,
       "height":1280,
       "imageAspectRation":"9x16"
   },
   
   "canvas":{
          "type":"color",
          "value":"#FFFF00"
      },
   

     "foregrounds":[
        {
          "type":"video",
          "name":"重回九零.mp4",
          "width":1440,
          "height":1280,
          "premultiply":false,
          "visibleTime":[0,13000]
        }
    ],

    "clips":[
        {
            "type":"video",
            "duration":[0,5000],
            "volume":0.0,
            
            "filters":[
                {
                    "name":"fx_v_lut_3d",
                    "visibleTime":[0,5000],
                    "params":[
                        {"name": "lookup_res_path", "type":8, "value":"1.png"},
                        {"name": "intensity", "type":2, "value":1.0}
                    ]
                },
                {
                     "name":"fx_v_black3",
                     "visibleTime":[0,5000]
                }
            ],
          
          "transition":{
              "name":"trans_v_push",
              "transDur":510
          }
           
       },
       
       {
            "type":"video",
            "duration":[5000,13000],
            "volume":0.0,
            
            "filters":[
                {
                    "name":"fx_v_lut_3d",
                    "visibleTime":[5000,13000],
                    "params":[
                        {"name": "lookup_res_path", "type":8, "value":"1.png"},
                        {"name": "intensity", "type":2, "value":1.0}
                    ]
                },
                {
                     "name":"fx_v_black3",
                     "visibleTime":[5000,13000]
                }
            ]
       }
    ]
}

