{
    "theme":{
        "version":1,
        "themeName":"theme",
        "duration":13000,
        "width":720,
        "height":1280,
        "imageAspectRation":"9x16"
    },
    "foregrounds":[
        {
            "type":"video",
            "name":"makeup.mp4",
            "width":1440,
            "height":1280,
            "premultiply":false,
            "visibleTime":[
                0,
                13000
            ]
        }
    ],
    "clips":[
        {
            "type":"image",
            "duration":[
                0,
                6480
            ],
            "volume":0,
            "filters":[
                {
                    "name":"fx_v_lut_3d",
                    "visibleTime":[
                        0,
                        3520
                    ],
                    "params":[
                        {
                            "name":"lookup_res_path",
                            "type":8,
                            "value":"01-01.png"
                        },
                        {
                            "name":"intensity",
                            "type":2,
                            "value":1
                        }
                    ]
                },
                {
                    "name":"fx_v_lut_3d",
                    "visibleTime":[
                        3520,
                        3560
                    ],
                    "params":[
                        {
                            "name":"lookup_res_path",
                            "type":8,
                            "value":"makeuporiginal_007.png"
                        },
                        {
                            "name":"intensity",
                            "type":2,
                            "value":1
                        }
                    ]
                },
                {
                    "name":"fx_v_lut_3d",
                    "visibleTime":[
                        3560,
                        3600
                    ],
                    "params":[
                        {
                            "name":"lookup_res_path",
                            "type":8,
                            "value":"makeuporiginal_008.png"
                        },
                        {
                            "name":"intensity",
                            "type":2,
                            "value":1
                        }
                    ]
                },
                {
                    "name":"fx_v_lut_3d",
                    "visibleTime":[
                        3600,
                        3640
                    ],
                    "params":[
                        {
                            "name":"lookup_res_path",
                            "type":8,
                            "value":"makeuporiginal_009.png"
                        },
                        {
                            "name":"intensity",
                            "type":2,
                            "value":1
                        }
                    ]
                },
                {
                    "name":"fx_v_lut_3d",
                    "visibleTime":[
                        3640,
                        3680
                    ],
                    "params":[
                        {
                            "name":"lookup_res_path",
                            "type":8,
                            "value":"makeuporiginal_010.png"
                        },
                        {
                            "name":"intensity",
                            "type":2,
                            "value":1
                        }
                    ]
                },
                {
                    "name":"fx_v_lut_3d",
                    "visibleTime":[
                        3680,
                        3720
                    ],
                    "params":[
                        {
                            "name":"lookup_res_path",
                            "type":8,
                            "value":"makeuporiginal_011.png"
                        },
                        {
                            "name":"intensity",
                            "type":2,
                            "value":1
                        }
                    ]
                },
                {
                    "name":"fx_v_lut_3d",
                    "visibleTime":[
                        3720,
                        3760
                    ],
                    "params":[
                        {
                            "name":"lookup_res_path",
                            "type":8,
                            "value":"makeuporiginal_012.png"
                        },
                        {
                            "name":"intensity",
                            "type":2,
                            "value":1
                        }
                    ]
                },
                {
                    "name":"fx_v_lut_3d",
                    "visibleTime":[
                        3760,
                        3800
                    ],
                    "params":[
                        {
                            "name":"lookup_res_path",
                            "type":8,
                            "value":"makeuporiginal_013.png"
                        },
                        {
                            "name":"intensity",
                            "type":2,
                            "value":1
                        }
                    ]
                },
                {
                    "name":"fx_v_lut_3d",
                    "visibleTime":[
                        3800,
                        4360
                    ],
                    "params":[
                        {
                            "name":"lookup_res_path",
                            "type":8,
                            "value":"makeuporiginal_014.png"
                        },
                        {
                            "name":"intensity",
                            "type":2,
                            "value":1
                        }
                    ]
                },
                {
                    "name":"fx_v_lut_3d",
                    "visibleTime":[
                        4360,
                        6440
                    ],
                    "params":[
                        {
                            "name":"lookup_res_path",
                            "type":8,
                            "value":"01-02.png"
                        },
                        {
                            "name":"intensity",
                            "type":2,
                            "value":1
                        }
                    ]
                }
            ]
        },
        {
            "type":"image",
            "duration":[
                0,
                4240
            ],
            "volume":0,
            "filters":[
                {
                    "name":"fx_v_fast_blur",
                    "visibleTime":[
                        6480,
                        8040
                    ]
                },
                {
                    "name":"fx_v_scale",
                    "visibleTime":[
                        6480,
                        7000
                    ],
                    "params":[
                        {
                            "name":"scale_value",
                            "type":2,
                            "value":1.05
                        },
                        {
                            "name":"scale_mode",
                            "type":1,
                            "value":0
                        },
                        {
                            "name":"init_scale_value",
                            "type":2,
                            "value":1
                        }
                    ]
                },
                {
                    "name":"fx_v_scale",
                    "visibleTime":[
                        7000,
                        7120
                    ],
                    "params":[
                        {
                            "name":"scale_value",
                            "type":2,
                            "value":1.05
                        },
                        {
                            "name":"scale_mode",
                            "type":1,
                            "value":0
                        },
                        {
                            "name":"init_scale_value",
                            "type":2,
                            "value":1.05
                        }
                    ]
                },
                {
                    "name":"fx_v_scale",
                    "visibleTime":[
                        7120,
                        7280
                    ],
                    "params":[
                        {
                            "name":"scale_value",
                            "type":2,
                            "value":1.0
                        },
                        {
                            "name":"scale_mode",
                            "type":1,
                            "value":1
                        },
                        {
                            "name":"init_scale_value",
                            "type":2,
                            "value":1.05
                        }
                    ]
                },
                {
                    "name":"fx_v_scale",
                    "visibleTime":[
                        7280,
                        7320
                    ],
                    "params":[
                        {
                            "name":"scale_value",
                            "type":2,
                            "value":1.0
                        },
                        {
                            "name":"scale_mode",
                            "type":1,
                            "value":1
                        },
                        {
                            "name":"init_scale_value",
                            "type":2,
                            "value":1.0
                        }
                    ]
                },
                {
                    "name":"fx_v_scale",
                    "visibleTime":[
                        7320,
                        7520
                    ],
                    "params":[
                        {
                            "name":"scale_value",
                            "type":2,
                            "value":1.03
                        },
                        {
                            "name":"scale_mode",
                            "type":1,
                            "value":0
                        },
                        {
                            "name":"init_scale_value",
                            "type":2,
                            "value":1.0
                        }
                    ]
                },
                {
                    "name":"fx_v_scale",
                    "visibleTime":[
                        7520,
                        7600
                    ],
                    "params":[
                        {
                            "name":"scale_value",
                            "type":2,
                            "value":1.03
                        },
                        {
                            "name":"scale_mode",
                            "type":1,
                            "value":0
                        },
                        {
                            "name":"init_scale_value",
                            "type":2,
                            "value":1.03
                        }
                    ]
                },
                {
                    "name":"fx_v_scale",
                    "visibleTime":[
                        7600,
                        7880
                    ],
                    "params":[
                        {
                            "name":"scale_value",
                            "type":2,
                            "value":1.0
                        },
                        {
                            "name":"scale_mode",
                            "type":1,
                            "value":1
                        },
                        {
                            "name":"init_scale_value",
                            "type":2,
                            "value":1.03
                        }
                    ]
                },
                
                {
                   "name":"fx_v_scale",
                   "visibleTime":[
                        8120,
                        10680
                   ],
                   "params":[
                       {
                           "name":"scale_value",
                           "type":2,
                           "value":1.0
                       },
                       {
                           "name":"scale_mode",
                           "type":1,
                           "value":1
                       },
                       {
                           "name":"init_scale_value",
                           "type":2,
                           "value":1.05
                       }
                   ]
               },
                {
                    "name":"fx_v_lut_3d",
                    "visibleTime":[
                        8120,
                        10680
                    ],
                    "params":[
                        {
                            "name":"lookup_res_path",
                            "type":8,
                            "value":"02-01.png"
                        },
                        {
                            "name":"intensity",
                            "type":2,
                            "value":1
                        }
                    ]
                }
            ]
        },
        {
            "type":"image",
            "duration":[
                0,
                2280
            ],
            "volume":0,
            "filters":[
                {
                    "name":"fx_v_lut_3d",
                    "visibleTime":[
                        10720,
                        13000
                    ],
                    "params":[
                        {
                            "name":"lookup_res_path",
                            "type":8,
                            "value":"03-01.png"
                        },
                        {
                            "name":"intensity",
                            "type":2,
                            "value":1
                        }
                    ]
                }
            ]
        }
    ]
}
